hssID,eventTime,instruments,submissionTime,versionId,link,linkedEvents
2021-01-05T09:54:00-HSS-001,2021-01-05T09:54Z,"[{'displayName': 'DSCOVR: PLASMAG'}, {'displayName': 'ACE: SWEPAM'}]",2021-01-07T15:36Z,1,https://webtools.ccmc.gsfc.nasa.gov/DONKI/view/HSS/16331/-1,[{'activityID': '2021-01-05T12:20:00-IPS-001'}]
2021-01-11T08:22:00-HSS-001,2021-01-11T08:22Z,"[{'displayName': 'DSCOVR: PLASMAG'}, {'displayName': 'ACE: SWEPAM'}, {'displayName': 'ACE: MAG'}]",2021-01-11T20:57Z,1,https://webtools.ccmc.gsfc.nasa.gov/DONKI/view/HSS/16347/-1,
2021-01-20T10:00:00-HSS-001,2021-01-20T10:00Z,"[{'displayName': 'STEREO A: IMPACT'}, {'displayName': 'STEREO A: PLASTIC'}]",2021-01-20T19:30Z,1,https://webtools.ccmc.gsfc.nasa.gov/DONKI/view/HSS/16365/-1,
2021-01-25T07:11:00-HSS-001,2021-01-25T07:11Z,"[{'displayName': 'DSCOVR: PLASMAG'}, {'displayName': 'ACE: SWEPAM'}, {'displayName': 'ACE: MAG'}]",2021-01-25T19:46Z,1,https://webtools.ccmc.gsfc.nasa.gov/DONKI/view/HSS/16378/-1,[{'activityID': '2021-01-27T11:45:00-RBE-001'}]
2021-02-01T21:30:00-HSS-001,2021-02-01T21:30Z,"[{'displayName': 'DSCOVR: PLASMAG'}, {'displayName': 'ACE: SWEPAM'}, {'displayName': 'ACE: MAG'}]",2021-02-03T20:51Z,4,https://webtools.ccmc.gsfc.nasa.gov/DONKI/view/HSS/16417/-1,[{'activityID': '2021-02-06T14:35:00-RBE-001'}]
2021-02-02T19:23:00-HSS-001,2021-02-02T19:23Z,"[{'displayName': 'STEREO A: IMPACT'}, {'displayName': 'STEREO A: PLASTIC'}]",2021-02-03T21:06Z,4,https://webtools.ccmc.gsfc.nasa.gov/DONKI/view/HSS/16421/-1,
2021-02-06T16:30:00-HSS-001,2021-02-06T16:30Z,"[{'displayName': 'DSCOVR: PLASMAG'}, {'displayName': 'ACE: SWEPAM'}, {'displayName': 'ACE: MAG'}]",2021-02-08T19:13Z,2,https://webtools.ccmc.gsfc.nasa.gov/DONKI/view/HSS/16444/-1,
2021-02-13T00:16:00-HSS-001,2021-02-13T00:16Z,"[{'displayName': 'DSCOVR: PLASMAG'}, {'displayName': 'ACE: SWEPAM'}, {'displayName': 'ACE: MAG'}]",2021-02-15T19:20Z,2,https://webtools.ccmc.gsfc.nasa.gov/DONKI/view/HSS/16466/-1,
2021-02-16T14:58:00-HSS-001,2021-02-16T14:58Z,"[{'displayName': 'DSCOVR: PLASMAG'}, {'displayName': 'ACE: SWEPAM'}]",2021-02-18T16:22Z,1,https://webtools.ccmc.gsfc.nasa.gov/DONKI/view/HSS/16486/-1,
2021-02-16T07:40:00-HSS-001,2021-02-16T07:40Z,[{'displayName': 'STEREO A: PLASTIC'}],2021-02-18T16:32Z,2,https://webtools.ccmc.gsfc.nasa.gov/DONKI/view/HSS/16487/-1,
2021-02-19T10:00:00-HSS-001,2021-02-19T10:00Z,"[{'displayName': 'DSCOVR: PLASMAG'}, {'displayName': 'ACE: SWEPAM'}, {'displayName': 'ACE: MAG'}]",2021-02-20T16:44Z,1,https://webtools.ccmc.gsfc.nasa.gov/DONKI/view/HSS/16503/-1,[{'activityID': '2021-02-21T05:35:00-RBE-001'}]
2021-02-25T14:00:00-HSS-001,2021-02-25T14:00Z,"[{'displayName': 'STEREO A: IMPACT'}, {'displayName': 'STEREO A: PLASTIC'}]",2021-02-26T00:36Z,2,https://webtools.ccmc.gsfc.nasa.gov/DONKI/view/HSS/16531/-1,
2021-02-28T05:50:00-HSS-001,2021-02-28T05:50Z,"[{'displayName': 'STEREO A: IMPACT'}, {'displayName': 'STEREO A: PLASTIC'}]",2021-03-01T17:31Z,1,https://webtools.ccmc.gsfc.nasa.gov/DONKI/view/HSS/16554/-1,
2021-03-02T11:00:00-HSS-001,2021-03-02T11:00Z,"[{'displayName': 'DSCOVR: PLASMAG'}, {'displayName': 'ACE: SWEPAM'}, {'displayName': 'ACE: MAG'}]",2021-03-02T20:41Z,3,https://webtools.ccmc.gsfc.nasa.gov/DONKI/view/HSS/16550/-1,[{'activityID': '2021-03-03T07:35:00-RBE-001'}]
2021-02-28T21:41:00-HSS-001,2021-02-28T21:41Z,"[{'displayName': 'DSCOVR: PLASMAG'}, {'displayName': 'ACE: MAG'}]",2021-03-03T21:38Z,1,https://webtools.ccmc.gsfc.nasa.gov/DONKI/view/HSS/16572/-1,"[{'activityID': '2021-02-28T23:03:00-IPS-001'}, {'activityID': '2021-03-01T03:00:00-GST-001'}]"
2021-03-05T23:59:00-HSS-001,2021-03-05T23:59Z,"[{'displayName': 'DSCOVR: PLASMAG'}, {'displayName': 'ACE: SWEPAM'}, {'displayName': 'ACE: MAG'}]",2021-03-08T15:37Z,3,https://webtools.ccmc.gsfc.nasa.gov/DONKI/view/HSS/16582/-1,[{'activityID': '2021-03-03T07:35:00-RBE-001'}]
2021-03-13T01:30:00-HSS-001,2021-03-13T01:30Z,"[{'displayName': 'DSCOVR: PLASMAG'}, {'displayName': 'ACE: SWEPAM'}, {'displayName': 'ACE: MAG'}]",2021-03-14T14:01Z,2,https://webtools.ccmc.gsfc.nasa.gov/DONKI/view/HSS/16600/-1,[{'activityID': '2021-03-14T15:05:00-RBE-001'}]
2021-03-19T19:00:00-HSS-001,2021-03-19T19:00Z,"[{'displayName': 'DSCOVR: PLASMAG'}, {'displayName': 'ACE: SWEPAM'}, {'displayName': 'ACE: MAG'}]",2021-03-21T12:00Z,2,https://webtools.ccmc.gsfc.nasa.gov/DONKI/view/HSS/16632/-1,"[{'activityID': '2021-03-20T06:00:00-GST-001'}, {'activityID': '2021-03-21T11:35:00-RBE-001'}]"
2021-04-07T11:58:00-HSS-001,2021-04-07T11:58Z,"[{'displayName': 'DSCOVR: PLASMAG'}, {'displayName': 'ACE: SWEPAM'}, {'displayName': 'ACE: MAG'}]",2021-04-07T19:59Z,1,https://webtools.ccmc.gsfc.nasa.gov/DONKI/view/HSS/16697/-1,[{'activityID': '2021-04-07T06:22:00-IPS-001'}]
2021-04-12T00:49:00-HSS-001,2021-04-12T00:49Z,"[{'displayName': 'STEREO A: IMPACT'}, {'displayName': 'STEREO A: PLASTIC'}]",2021-04-12T19:23Z,2,https://webtools.ccmc.gsfc.nasa.gov/DONKI/view/HSS/16712/-1,
2021-04-16T07:09:00-HSS-001,2021-04-16T07:09Z,"[{'displayName': 'DSCOVR: PLASMAG'}, {'displayName': 'ACE: SWEPAM'}, {'displayName': 'ACE: MAG'}]",2021-04-16T20:32Z,2,https://webtools.ccmc.gsfc.nasa.gov/DONKI/view/HSS/16733/-1,"[{'activityID': '2021-04-16T14:43:00-IPS-001'}, {'activityID': '2021-04-17T16:35:00-RBE-001'}]"
2021-04-17T00:06:00-HSS-001,2021-04-17T00:06Z,[{'displayName': 'DSCOVR: PLASMAG'}],2021-04-19T21:15Z,3,https://webtools.ccmc.gsfc.nasa.gov/DONKI/view/HSS/16752/-1,"[{'activityID': '2021-04-16T14:43:00-IPS-001'}, {'activityID': '2021-04-17T16:35:00-RBE-001'}]"
2021-04-23T20:55:00-HSS-001,2021-04-23T20:55Z,"[{'displayName': 'DSCOVR: PLASMAG'}, {'displayName': 'ACE: SWEPAM'}, {'displayName': 'ACE: MAG'}]",2021-04-24T19:21Z,1,https://webtools.ccmc.gsfc.nasa.gov/DONKI/view/HSS/16782/-1,[{'activityID': '2021-04-28T18:20:00-RBE-001'}]
2021-04-30T06:34:00-HSS-001,2021-04-30T06:34Z,"[{'displayName': 'STEREO A: IMPACT'}, {'displayName': 'STEREO A: PLASTIC'}]",2021-04-30T15:09Z,1,https://webtools.ccmc.gsfc.nasa.gov/DONKI/view/HSS/16817/-1,[{'activityID': '2021-04-30T01:48:00-IPS-001'}]
2021-05-03T07:04:00-HSS-001,2021-05-03T07:04Z,"[{'displayName': 'DSCOVR: PLASMAG'}, {'displayName': 'ACE: SWEPAM'}, {'displayName': 'ACE: MAG'}]",2021-05-05T17:02Z,4,https://webtools.ccmc.gsfc.nasa.gov/DONKI/view/HSS/16842/-1,
2021-05-04T22:00:00-HSS-001,2021-05-04T22:00Z,"[{'displayName': 'STEREO A: IMPACT'}, {'displayName': 'STEREO A: PLASTIC'}]",2021-05-06T16:52Z,4,https://webtools.ccmc.gsfc.nasa.gov/DONKI/view/HSS/16848/-1,
2021-05-20T11:24:00-HSS-001,2021-05-20T11:24Z,"[{'displayName': 'DSCOVR: PLASMAG'}, {'displayName': 'ACE: SWEPAM'}, {'displayName': 'ACE: MAG'}]",2021-05-20T18:01Z,4,https://webtools.ccmc.gsfc.nasa.gov/DONKI/view/HSS/16923/-1,"[{'activityID': '2021-05-20T08:45:00-IPS-001'}, {'activityID': '2021-05-22T16:35:00-RBE-001'}]"
2021-06-07T16:10:00-HSS-001,2021-06-07T16:10Z,"[{'displayName': 'DSCOVR: PLASMAG'}, {'displayName': 'ACE: SWEPAM'}]",2021-06-07T19:34Z,3,https://webtools.ccmc.gsfc.nasa.gov/DONKI/view/HSS/17057/-1,[{'activityID': '2021-06-07T06:16:00-IPS-001'}]
2021-06-15T12:03:00-HSS-001,2021-06-15T12:03Z,"[{'displayName': 'DSCOVR: PLASMAG'}, {'displayName': 'ACE: SWEPAM'}, {'displayName': 'ACE: MAG'}]",2021-06-16T12:27Z,3,https://webtools.ccmc.gsfc.nasa.gov/DONKI/view/HSS/17081/-1,"[{'activityID': '2021-06-15T12:06:00-IPS-001'}, {'activityID': '2021-06-17T07:50:00-RBE-001'}]"
2021-06-30T10:50:00-HSS-001,2021-06-30T10:50Z,"[{'displayName': 'DSCOVR: PLASMAG'}, {'displayName': 'ACE: SWEPAM'}, {'displayName': 'ACE: MAG'}]",2021-07-01T18:41Z,3,https://webtools.ccmc.gsfc.nasa.gov/DONKI/view/HSS/17177/-1,"[{'activityID': '2021-06-30T02:42:00-IPS-001'}, {'activityID': '2021-07-01T02:30:00-IPS-001'}]"
2021-07-10T07:35:00-HSS-001,2021-07-10T07:35Z,"[{'displayName': 'DSCOVR: PLASMAG'}, {'displayName': 'ACE: SWEPAM'}, {'displayName': 'ACE: MAG'}]",2021-07-10T14:32Z,2,https://webtools.ccmc.gsfc.nasa.gov/DONKI/view/HSS/17259/-1,[{'activityID': '2021-07-10T00:31:00-IPS-001'}]
2021-07-15T04:52:00-HSS-001,2021-07-15T04:52Z,"[{'displayName': 'DSCOVR: PLASMAG'}, {'displayName': 'ACE: SWEPAM'}, {'displayName': 'ACE: MAG'}]",2021-07-15T13:23Z,3,https://webtools.ccmc.gsfc.nasa.gov/DONKI/view/HSS/17303/-1,
2021-07-19T09:07:00-HSS-001,2021-07-19T09:07Z,"[{'displayName': 'DSCOVR: PLASMAG'}, {'displayName': 'ACE: SWEPAM'}, {'displayName': 'ACE: MAG'}]",2021-07-20T20:13Z,1,https://webtools.ccmc.gsfc.nasa.gov/DONKI/view/HSS/17342/-1,
2021-07-28T04:44:00-HSS-001,2021-07-28T04:44Z,"[{'displayName': 'DSCOVR: PLASMAG'}, {'displayName': 'ACE: SWEPAM'}, {'displayName': 'ACE: MAG'}]",2021-07-28T12:36Z,1,https://webtools.ccmc.gsfc.nasa.gov/DONKI/view/HSS/17407/-1,[{'activityID': '2021-07-27T16:57:00-IPS-001'}]
2021-08-05T13:57:00-HSS-001,2021-08-05T13:57Z,"[{'displayName': 'STEREO A: PLASTIC'}, {'displayName': 'STEREO A: IMPACT'}]",2021-08-05T17:05Z,1,https://webtools.ccmc.gsfc.nasa.gov/DONKI/view/HSS/17464/-1,[{'activityID': '2021-08-05T12:58:00-IPS-001'}]
2021-08-06T20:52:00-HSS-001,2021-08-06T20:52Z,"[{'displayName': 'DSCOVR: PLASMAG'}, {'displayName': 'ACE: SWEPAM'}, {'displayName': 'ACE: MAG'}]",2021-08-07T18:52Z,7,https://webtools.ccmc.gsfc.nasa.gov/DONKI/view/HSS/17474/-1,[{'activityID': '2021-08-06T03:08:00-IPS-001'}]
2021-08-09T23:58:00-HSS-001,2021-08-09T23:58Z,"[{'displayName': 'DSCOVR: PLASMAG'}, {'displayName': 'ACE: SWEPAM'}, {'displayName': 'ACE: MAG'}]",2021-08-11T15:28Z,1,https://webtools.ccmc.gsfc.nasa.gov/DONKI/view/HSS/17482/-1,
2021-08-13T10:00:00-HSS-001,2021-08-13T10:00Z,"[{'displayName': 'DSCOVR: PLASMAG'}, {'displayName': 'ACE: SWEPAM'}, {'displayName': 'ACE: MAG'}]",2021-08-16T12:39Z,2,https://webtools.ccmc.gsfc.nasa.gov/DONKI/view/HSS/17500/-1,[{'activityID': '2021-08-13T07:16:00-IPS-001'}]
2021-08-15T05:55:00-HSS-001,2021-08-15T05:55Z,"[{'displayName': 'DSCOVR: PLASMAG'}, {'displayName': 'ACE: SWEPAM'}, {'displayName': 'ACE: MAG'}]",2021-08-16T13:01Z,5,https://webtools.ccmc.gsfc.nasa.gov/DONKI/view/HSS/17514/-1,[{'activityID': '2021-08-14T21:16:00-IPS-001'}]
2021-08-19T09:04:00-HSS-001,2021-08-19T09:04Z,"[{'displayName': 'DSCOVR: PLASMAG'}, {'displayName': 'ACE: SWEPAM'}, {'displayName': 'ACE: MAG'}]",2021-08-20T17:10Z,1,https://webtools.ccmc.gsfc.nasa.gov/DONKI/view/HSS/17536/-1,
2021-08-24T12:03:00-HSS-001,2021-08-24T12:03Z,"[{'displayName': 'DSCOVR: PLASMAG'}, {'displayName': 'ACE: SWEPAM'}, {'displayName': 'ACE: MAG'}]",2021-08-26T10:47Z,1,https://webtools.ccmc.gsfc.nasa.gov/DONKI/view/HSS/17577/-1,
2021-08-29T19:46:00-HSS-001,2021-08-29T19:46Z,"[{'displayName': 'DSCOVR: PLASMAG'}, {'displayName': 'ACE: SWEPAM'}, {'displayName': 'ACE: MAG'}]",2021-09-01T17:39Z,2,https://webtools.ccmc.gsfc.nasa.gov/DONKI/view/HSS/17620/-1,"[{'activityID': '2021-08-30T05:20:00-RBE-001'}, {'activityID': '2021-09-05T13:10:00-RBE-001'}]"
2021-09-12T06:15:00-HSS-001,2021-09-12T06:15Z,"[{'displayName': 'DSCOVR: PLASMAG'}, {'displayName': 'ACE: SWEPAM'}]",2021-09-15T19:04Z,3,https://webtools.ccmc.gsfc.nasa.gov/DONKI/view/HSS/17731/-1,
2021-09-07T13:39:00-HSS-001,2021-09-07T13:39Z,"[{'displayName': 'DSCOVR: PLASMAG'}, {'displayName': 'ACE: SWEPAM'}, {'displayName': 'ACE: MAG'}]",2021-09-15T21:28Z,3,https://webtools.ccmc.gsfc.nasa.gov/DONKI/view/HSS/17684/-1,[{'activityID': '2021-09-07T17:45:00-RBE-001'}]
2021-09-18T08:40:00-HSS-001,2021-09-18T08:40Z,"[{'displayName': 'DSCOVR: PLASMAG'}, {'displayName': 'ACE: SWEPAM'}, {'displayName': 'ACE: MAG'}]",2021-09-18T15:15Z,1,https://webtools.ccmc.gsfc.nasa.gov/DONKI/view/HSS/17768/-1,[{'activityID': '2021-09-18T08:01:00-IPS-001'}]
2021-09-21T13:52:00-HSS-001,2021-09-21T13:52Z,"[{'displayName': 'DSCOVR: PLASMAG'}, {'displayName': 'ACE: SWEPAM'}, {'displayName': 'ACE: MAG'}]",2021-09-23T15:37Z,3,https://webtools.ccmc.gsfc.nasa.gov/DONKI/view/HSS/17804/-1,"[{'activityID': '2021-09-21T23:03:00-IPS-001'}, {'activityID': '2021-09-23T15:35:00-RBE-001'}]"
2021-09-23T20:46:00-HSS-001,2021-09-23T20:46Z,"[{'displayName': 'DSCOVR: PLASMAG'}, {'displayName': 'ACE: SWEPAM'}, {'displayName': 'ACE: MAG'}]",2021-09-24T17:46Z,2,https://webtools.ccmc.gsfc.nasa.gov/DONKI/view/HSS/17818/-1,
2021-09-27T15:26:00-HSS-001,2021-09-27T15:26Z,"[{'displayName': 'DSCOVR: PLASMAG'}, {'displayName': 'ACE: SWEPAM'}, {'displayName': 'ACE: MAG'}]",2021-09-29T18:13Z,1,https://webtools.ccmc.gsfc.nasa.gov/DONKI/view/HSS/17859/-1,[{'activityID': '2021-09-27T15:24:00-IPS-001'}]
2021-10-07T17:30:00-HSS-001,2021-10-07T17:30Z,"[{'displayName': 'STEREO A: IMPACT'}, {'displayName': 'STEREO A: PLASTIC'}]",2021-10-08T19:34Z,1,https://webtools.ccmc.gsfc.nasa.gov/DONKI/view/HSS/17917/-1,
2021-10-10T12:01:00-HSS-001,2021-10-10T12:01Z,"[{'displayName': 'DSCOVR: PLASMAG'}, {'displayName': 'ACE: SWEPAM'}, {'displayName': 'ACE: MAG'}]",2021-10-11T17:49Z,2,https://webtools.ccmc.gsfc.nasa.gov/DONKI/view/HSS/17935/-1,[{'activityID': '2021-10-10T12:01:00-IPS-001'}]
2021-10-14T20:13:00-HSS-001,2021-10-14T20:13Z,"[{'displayName': 'DSCOVR: PLASMAG'}, {'displayName': 'ACE: SWEPAM'}, {'displayName': 'ACE: MAG'}]",2021-10-16T12:25Z,2,https://webtools.ccmc.gsfc.nasa.gov/DONKI/view/HSS/17975/-1,[{'activityID': '2021-10-14T20:00:00-IPS-001'}]
2021-10-18T09:53:00-HSS-001,2021-10-18T09:53Z,"[{'displayName': 'STEREO A: PLASTIC'}, {'displayName': 'STEREO A: IMPACT'}]",2021-10-18T19:57Z,3,https://webtools.ccmc.gsfc.nasa.gov/DONKI/view/HSS/18004/-1,[{'activityID': '2021-10-18T07:53:00-IPS-001'}]
2021-10-18T05:26:00-HSS-001,2021-10-18T05:26Z,"[{'displayName': 'DSCOVR: PLASMAG'}, {'displayName': 'ACE: SWEPAM'}, {'displayName': 'ACE: MAG'}]",2021-10-20T19:20Z,4,https://webtools.ccmc.gsfc.nasa.gov/DONKI/view/HSS/18012/-1,[{'activityID': '2021-10-18T18:27:00-IPS-001'}]
2021-10-19T09:51:00-HSS-001,2021-10-19T09:51Z,"[{'displayName': 'DSCOVR: PLASMAG'}, {'displayName': 'ACE: SWEPAM'}, {'displayName': 'ACE: MAG'}]",2021-10-20T19:22Z,3,https://webtools.ccmc.gsfc.nasa.gov/DONKI/view/HSS/18020/-1,
2021-10-20T17:18:00-HSS-001,2021-10-20T17:18Z,"[{'displayName': 'DSCOVR: PLASMAG'}, {'displayName': 'ACE: SWEPAM'}, {'displayName': 'ACE: MAG'}]",2021-10-21T15:54Z,1,https://webtools.ccmc.gsfc.nasa.gov/DONKI/view/HSS/18026/-1,[{'activityID': '2021-10-20T20:35:00-IPS-001'}]
2021-10-30T10:00:00-HSS-001,2021-10-30T10:00Z,[{'displayName': 'STEREO A: IMPACT'}],2021-11-01T17:40Z,2,https://webtools.ccmc.gsfc.nasa.gov/DONKI/view/HSS/18128/-1,
2021-11-01T16:54:00-HSS-001,2021-11-01T16:54Z,"[{'displayName': 'DSCOVR: PLASMAG'}, {'displayName': 'ACE: SWEPAM'}, {'displayName': 'ACE: MAG'}]",2021-11-02T13:18Z,1,https://webtools.ccmc.gsfc.nasa.gov/DONKI/view/HSS/18159/-1,[{'activityID': '2021-11-01T17:54:00-IPS-001'}]
2021-11-05T09:14:00-HSS-001,2021-11-05T09:14Z,"[{'displayName': 'STEREO A: PLASTIC'}, {'displayName': 'STEREO A: IMPACT'}]",2021-11-05T12:57Z,1,https://webtools.ccmc.gsfc.nasa.gov/DONKI/view/HSS/18226/-1,[{'activityID': '2021-11-05T07:22:00-IPS-001'}]
2021-11-08T10:30:00-HSS-001,2021-11-08T10:30Z,"[{'displayName': 'STEREO A: IMPACT'}, {'displayName': 'STEREO A: PLASTIC'}]",2021-11-08T17:21Z,2,https://webtools.ccmc.gsfc.nasa.gov/DONKI/view/HSS/18257/-1,[{'activityID': '2021-11-08T08:09:00-IPS-001'}]
2021-11-09T15:42:00-HSS-001,2021-11-09T15:42Z,"[{'displayName': 'DSCOVR: PLASMAG'}, {'displayName': 'ACE: SWEPAM'}, {'displayName': 'ACE: MAG'}]",2021-11-13T16:02Z,2,https://webtools.ccmc.gsfc.nasa.gov/DONKI/view/HSS/18295/-1,[{'activityID': '2021-11-13T14:05:00-RBE-001'}]
2021-11-14T00:02:00-HSS-001,2021-11-14T00:02Z,[{'displayName': 'STEREO A: PLASTIC'}],2021-11-14T16:16Z,1,https://webtools.ccmc.gsfc.nasa.gov/DONKI/view/HSS/18298/-1,[{'activityID': '2021-11-13T12:00:00-IPS-001'}]
2021-11-12T11:06:00-HSS-001,2021-11-12T11:06Z,[{'displayName': 'STEREO A: PLASTIC'}],2021-11-15T14:21Z,2,https://webtools.ccmc.gsfc.nasa.gov/DONKI/view/HSS/18300/-1,
2021-11-15T22:10:00-HSS-001,2021-11-15T22:10Z,"[{'displayName': 'DSCOVR: PLASMAG'}, {'displayName': 'ACE: SWEPAM'}, {'displayName': 'ACE: MAG'}]",2021-11-19T01:09Z,4,https://webtools.ccmc.gsfc.nasa.gov/DONKI/view/HSS/18307/-1,[{'activityID': '2021-11-15T17:30:00-IPS-001'}]
2021-11-17T09:00:00-HSS-001,2021-11-17T09:00Z,"[{'displayName': 'STEREO A: IMPACT'}, {'displayName': 'STEREO A: PLASTIC'}]",2021-11-19T16:06Z,3,https://webtools.ccmc.gsfc.nasa.gov/DONKI/view/HSS/18322/-1,
2021-11-20T05:13:00-HSS-001,2021-11-20T05:13Z,"[{'displayName': 'DSCOVR: PLASMAG'}, {'displayName': 'ACE: SWEPAM'}, {'displayName': 'ACE: MAG'}]",2021-11-22T17:08Z,3,https://webtools.ccmc.gsfc.nasa.gov/DONKI/view/HSS/18336/-1,[{'activityID': '2021-11-23T16:40:00-RBE-001'}]
2021-11-30T20:31:00-HSS-001,2021-11-30T20:31Z,"[{'displayName': 'DSCOVR: PLASMAG'}, {'displayName': 'ACE: SWEPAM'}, {'displayName': 'ACE: MAG'}]",2021-12-01T16:55Z,3,https://webtools.ccmc.gsfc.nasa.gov/DONKI/view/HSS/18403/-1,"[{'activityID': '2021-11-30T13:45:00-IPS-001'}, {'activityID': '2021-12-02T10:55:00-RBE-001'}]"
2021-12-03T21:48:00-HSS-001,2021-12-03T21:48Z,[{'displayName': 'DSCOVR: PLASMAG'}],2021-12-04T13:55Z,1,https://webtools.ccmc.gsfc.nasa.gov/DONKI/view/HSS/18426/-1,"[{'activityID': '2021-12-02T10:55:00-RBE-001'}, {'activityID': '2021-12-03T09:03:00-IPS-001'}, {'activityID': '2021-12-09T12:40:00-RBE-001'}]"
2021-12-15T04:30:00-HSS-001,2021-12-15T04:30Z,"[{'displayName': 'DSCOVR: PLASMAG'}, {'displayName': 'ACE: SWEPAM'}, {'displayName': 'ACE: MAG'}]",2021-12-15T13:51Z,2,https://webtools.ccmc.gsfc.nasa.gov/DONKI/view/HSS/18530/-1,[{'activityID': '2021-12-15T03:20:00-IPS-001'}]
2021-12-10T11:00:00-HSS-001,2021-12-10T11:00Z,"[{'displayName': 'STEREO A: IMPACT'}, {'displayName': 'STEREO A: PLASTIC'}]",2021-12-15T20:45Z,1,https://webtools.ccmc.gsfc.nasa.gov/DONKI/view/HSS/18540/-1,[{'activityID': '2021-12-10T11:00:00-IPS-001'}]
2021-12-15T16:00:00-HSS-001,2021-12-15T16:00Z,"[{'displayName': 'STEREO A: IMPACT'}, {'displayName': 'STEREO A: PLASTIC'}]",2021-12-17T02:32Z,1,https://webtools.ccmc.gsfc.nasa.gov/DONKI/view/HSS/18561/-1,
2021-12-19T18:00:00-HSS-001,2021-12-19T18:00Z,"[{'displayName': 'DSCOVR: PLASMAG'}, {'displayName': 'ACE: SWEPAM'}, {'displayName': 'ACE: MAG'}]",2021-12-20T18:29Z,1,https://webtools.ccmc.gsfc.nasa.gov/DONKI/view/HSS/18591/-1,"[{'activityID': '2021-12-19T12:08:00-IPS-001'}, {'activityID': '2021-12-22T15:10:00-RBE-001'}]"
2021-12-27T14:40:00-HSS-001,2021-12-27T14:40Z,"[{'displayName': 'DSCOVR: PLASMAG'}, {'displayName': 'ACE: SWEPAM'}, {'displayName': 'ACE: MAG'}]",2021-12-29T17:22Z,1,https://webtools.ccmc.gsfc.nasa.gov/DONKI/view/HSS/18683/-1,[{'activityID': '2021-12-27T08:38:00-IPS-001'}]
2021-12-30T00:32:00-HSS-001,2021-12-30T00:32Z,"[{'displayName': 'DSCOVR: PLASMAG'}, {'displayName': 'ACE: SWEPAM'}, {'displayName': 'ACE: MAG'}]",2021-12-30T15:13Z,2,https://webtools.ccmc.gsfc.nasa.gov/DONKI/view/HSS/18692/-1,[{'activityID': '2021-12-29T19:31:00-IPS-001'}]
2022-01-01T01:43:00-HSS-001,2022-01-01T01:43Z,"[{'displayName': 'DSCOVR: PLASMAG'}, {'displayName': 'ACE: SWEPAM'}, {'displayName': 'ACE: MAG'}]",2022-01-01T13:48Z,1,https://webtools.ccmc.gsfc.nasa.gov/DONKI/view/HSS/18708/-1,[{'activityID': '2022-01-05T16:55:00-RBE-001'}]
2022-01-07T05:47:00-HSS-001,2022-01-07T05:47Z,[{'displayName': 'STEREO A: PLASTIC'}],2022-01-07T14:37Z,1,https://webtools.ccmc.gsfc.nasa.gov/DONKI/view/HSS/18750/-1,[{'activityID': '2022-01-07T02:24:00-IPS-001'}]
2022-01-08T16:58:00-HSS-001,2022-01-08T16:58Z,"[{'displayName': 'DSCOVR: PLASMAG'}, {'displayName': 'ACE: SWEPAM'}, {'displayName': 'ACE: MAG'}]",2022-01-09T20:58Z,1,https://webtools.ccmc.gsfc.nasa.gov/DONKI/view/HSS/18773/-1,[{'activityID': '2022-01-08T16:58:00-IPS-001'}]
2022-01-14T21:39:00-HSS-001,2022-01-14T21:39Z,"[{'displayName': 'DSCOVR: PLASMAG'}, {'displayName': 'ACE: SWEPAM'}, {'displayName': 'ACE: MAG'}]",2022-01-17T19:51Z,4,https://webtools.ccmc.gsfc.nasa.gov/DONKI/view/HSS/18843/-1,"[{'activityID': '2022-01-14T06:50:00-IPS-001'}, {'activityID': '2022-01-14T21:00:00-GST-001'}, {'activityID': '2022-01-16T14:00:00-RBE-001'}]"
2022-01-22T14:03:00-HSS-001,2022-01-22T14:03Z,"[{'displayName': 'STEREO A: PLASTIC'}, {'displayName': 'STEREO A: IMPACT'}]",2022-01-22T17:58Z,1,https://webtools.ccmc.gsfc.nasa.gov/DONKI/view/HSS/18944/-1,[{'activityID': '2022-01-22T14:03:00-IPS-001'}]
2022-01-25T03:52:00-HSS-001,2022-01-25T03:52Z,[{'displayName': 'DSCOVR: PLASMAG'}],2022-01-26T18:22Z,1,https://webtools.ccmc.gsfc.nasa.gov/DONKI/view/HSS/18979/-1,[{'activityID': '2022-01-24T17:09:00-IPS-001'}]
2022-01-28T23:41:00-HSS-001,2022-01-28T23:41Z,"[{'displayName': 'DSCOVR: PLASMAG'}, {'displayName': 'ACE: SWEPAM'}, {'displayName': 'ACE: MAG'}]",2022-01-29T13:40Z,1,https://webtools.ccmc.gsfc.nasa.gov/DONKI/view/HSS/18999/-1,[{'activityID': '2022-01-31T10:45:00-RBE-001'}]
2022-02-02T12:30:00-HSS-001,2022-02-02T12:30Z,"[{'displayName': 'STEREO A: PLASTIC'}, {'displayName': 'STEREO A: IMPACT'}]",2022-02-02T16:37Z,2,https://webtools.ccmc.gsfc.nasa.gov/DONKI/view/HSS/19044/-1,[{'activityID': '2022-02-02T11:09:00-IPS-001'}]
2022-02-05T05:00:00-HSS-001,2022-02-05T05:00Z,"[{'displayName': 'DSCOVR: PLASMAG'}, {'displayName': 'ACE: SWEPAM'}, {'displayName': 'ACE: MAG'}]",2022-02-06T13:38Z,1,https://webtools.ccmc.gsfc.nasa.gov/DONKI/view/HSS/19091/-1,[{'activityID': '2022-02-05T12:05:00-RBE-001'}]
2022-02-11T17:31:00-HSS-001,2022-02-11T17:31Z,"[{'displayName': 'DSCOVR: PLASMAG'}, {'displayName': 'ACE: SWEPAM'}, {'displayName': 'ACE: MAG'}]",2022-02-15T13:20Z,5,https://webtools.ccmc.gsfc.nasa.gov/DONKI/view/HSS/19143/-1,[{'activityID': '2022-02-13T10:30:00-RBE-001'}]
2022-02-17T12:07:00-HSS-001,2022-02-17T12:07Z,"[{'displayName': 'STEREO A: IMPACT'}, {'displayName': 'STEREO A: PLASTIC'}]",2022-02-17T18:07Z,1,https://webtools.ccmc.gsfc.nasa.gov/DONKI/view/HSS/19211/-1,[{'activityID': '2022-02-17T12:01:00-IPS-001'}]
2022-02-27T06:28:00-HSS-001,2022-02-27T06:28Z,"[{'displayName': 'DSCOVR: PLASMAG'}, {'displayName': 'ACE: SWEPAM'}, {'displayName': 'ACE: MAG'}]",2022-02-27T14:25Z,1,https://webtools.ccmc.gsfc.nasa.gov/DONKI/view/HSS/19291/-1,[{'activityID': '2022-02-27T03:30:00-IPS-001'}]
2022-02-19T08:40:00-HSS-001,2022-02-19T08:40Z,[{'displayName': 'DSCOVR: PLASMAG'}],2022-03-02T13:53Z,4,https://webtools.ccmc.gsfc.nasa.gov/DONKI/view/HSS/19250/-1,"[{'activityID': '2022-02-19T02:17:00-IPS-001'}, {'activityID': '2022-02-26T16:20:00-RBE-001'}]"
2022-03-03T14:00:00-HSS-001,2022-03-03T14:00Z,"[{'displayName': 'ACE: SWEPAM'}, {'displayName': 'ACE: MAG'}]",2022-03-04T20:56Z,2,https://webtools.ccmc.gsfc.nasa.gov/DONKI/view/HSS/19336/-1,"[{'activityID': '2022-03-05T05:44:00-IPS-001'}, {'activityID': '2022-03-06T12:50:00-RBE-001'}]"
2022-03-05T05:44:00-HSS-001,2022-03-05T05:44Z,[{'displayName': 'DSCOVR: PLASMAG'}],2022-03-05T14:12Z,1,https://webtools.ccmc.gsfc.nasa.gov/DONKI/view/HSS/19341/-1,"[{'activityID': '2022-03-05T05:44:00-IPS-001'}, {'activityID': '2022-03-06T12:50:00-RBE-001'}]"
2022-03-19T22:00:00-HSS-001,2022-03-19T22:00Z,"[{'displayName': 'STEREO A: IMPACT'}, {'displayName': 'STEREO A: PLASTIC'}]",2022-03-21T17:10Z,1,https://webtools.ccmc.gsfc.nasa.gov/DONKI/view/HSS/19509/-1,[{'activityID': '2022-03-19T22:00:00-IPS-001'}]
2022-03-24T01:34:00-HSS-001,2022-03-24T01:34Z,"[{'displayName': 'STEREO A: IMPACT'}, {'displayName': 'STEREO A: PLASTIC'}]",2022-03-24T17:51Z,1,https://webtools.ccmc.gsfc.nasa.gov/DONKI/view/HSS/19523/-1,[{'activityID': '2022-03-24T00:23:00-IPS-001'}]
2022-03-23T13:55:00-HSS-001,2022-03-23T13:55Z,"[{'displayName': 'DSCOVR: PLASMAG'}, {'displayName': 'ACE: SWEPAM'}, {'displayName': 'ACE: MAG'}]",2022-03-24T19:27Z,2,https://webtools.ccmc.gsfc.nasa.gov/DONKI/view/HSS/19522/-1,
2022-03-27T00:22:00-HSS-001,2022-03-27T00:22Z,[{'displayName': 'DSCOVR: PLASMAG'}],2022-03-27T13:04Z,3,https://webtools.ccmc.gsfc.nasa.gov/DONKI/view/HSS/19539/-1,[{'activityID': '2022-03-27T00:22:00-IPS-001'}]
2022-04-02T00:33:00-HSS-001,2022-04-02T00:33Z,"[{'displayName': 'DSCOVR: PLASMAG'}, {'displayName': 'ACE: SWEPAM'}, {'displayName': 'ACE: MAG'}]",2022-04-04T20:45Z,1,https://webtools.ccmc.gsfc.nasa.gov/DONKI/view/HSS/19661/-1,"[{'activityID': '2022-04-02T00:33:00-IPS-001'}, {'activityID': '2022-04-02T20:05:00-RBE-001'}]"
2022-04-09T20:44:00-HSS-001,2022-04-09T20:44Z,"[{'displayName': 'DSCOVR: PLASMAG'}, {'displayName': 'ACE: SWEPAM'}, {'displayName': 'ACE: MAG'}]",2022-04-12T13:37Z,2,https://webtools.ccmc.gsfc.nasa.gov/DONKI/view/HSS/19720/-1,"[{'activityID': '2022-04-09T12:46:00-IPS-001'}, {'activityID': '2022-04-10T03:00:00-GST-001'}, {'activityID': '2022-04-12T13:10:00-RBE-001'}]"
2022-04-12T14:45:00-HSS-001,2022-04-12T14:45Z,"[{'displayName': 'STEREO A: IMPACT'}, {'displayName': 'STEREO A: PLASTIC'}]",2022-04-13T17:34Z,1,https://webtools.ccmc.gsfc.nasa.gov/DONKI/view/HSS/19758/-1,[{'activityID': '2022-04-12T06:00:00-IPS-001'}]
2022-04-15T06:11:00-HSS-001,2022-04-15T06:11Z,"[{'displayName': 'DSCOVR: PLASMAG'}, {'displayName': 'ACE: SWEPAM'}, {'displayName': 'ACE: MAG'}]",2022-04-15T13:29Z,2,https://webtools.ccmc.gsfc.nasa.gov/DONKI/view/HSS/19780/-1,"[{'activityID': '2022-04-15T03:15:00-IPS-001'}, {'activityID': '2022-04-16T15:55:00-RBE-001'}]"
2022-04-21T05:54:00-HSS-001,2022-04-21T05:54Z,"[{'displayName': 'DSCOVR: PLASMAG'}, {'displayName': 'ACE: SWEPAM'}, {'displayName': 'ACE: MAG'}]",2022-04-25T16:39Z,1,https://webtools.ccmc.gsfc.nasa.gov/DONKI/view/HSS/19923/-1,
2022-04-26T06:00:00-HSS-001,2022-04-26T06:00Z,"[{'displayName': 'STEREO A: IMPACT'}, {'displayName': 'STEREO A: PLASTIC'}]",2022-04-26T20:05Z,2,https://webtools.ccmc.gsfc.nasa.gov/DONKI/view/HSS/19947/-1,[{'activityID': '2022-04-26T05:00:00-IPS-001'}]
2022-04-27T11:36:00-HSS-001,2022-04-27T11:36Z,"[{'displayName': 'DSCOVR: PLASMAG'}, {'displayName': 'ACE: SWEPAM'}, {'displayName': 'ACE: MAG'}]",2022-04-29T16:19Z,2,https://webtools.ccmc.gsfc.nasa.gov/DONKI/view/HSS/19990/-1,"[{'activityID': '2022-04-27T02:50:00-IPS-001'}, {'activityID': '2022-04-29T11:50:00-RBE-001'}]"
2022-05-17T05:34:00-HSS-001,2022-05-17T05:34Z,"[{'displayName': 'DSCOVR: PLASMAG'}, {'displayName': 'ACE: SWEPAM'}, {'displayName': 'ACE: MAG'}]",2022-05-17T17:18Z,2,https://webtools.ccmc.gsfc.nasa.gov/DONKI/view/HSS/20233/-1,
2022-05-14T19:15:00-HSS-001,2022-05-14T19:15Z,"[{'displayName': 'DSCOVR: PLASMAG'}, {'displayName': 'ACE: SWEPAM'}, {'displayName': 'ACE: MAG'}]",2022-05-18T12:53Z,3,https://webtools.ccmc.gsfc.nasa.gov/DONKI/view/HSS/20242/-1,
2022-05-20T02:27:00-HSS-001,2022-05-20T02:27Z,"[{'displayName': 'DSCOVR: PLASMAG'}, {'displayName': 'ACE: SWEPAM'}, {'displayName': 'ACE: MAG'}]",2022-05-23T11:56Z,1,https://webtools.ccmc.gsfc.nasa.gov/DONKI/view/HSS/20300/-1,"[{'activityID': '2022-05-19T13:17:00-IPS-001'}, {'activityID': '2022-05-23T13:25:00-RBE-001'}]"
2022-05-24T07:24:00-HSS-001,2022-05-24T07:24Z,"[{'displayName': 'STEREO A: IMPACT'}, {'displayName': 'STEREO A: PLASTIC'}]",2022-05-24T16:44Z,1,https://webtools.ccmc.gsfc.nasa.gov/DONKI/view/HSS/20319/-1,[{'activityID': '2022-05-24T07:28:00-IPS-001'}]
2022-05-25T14:00:00-HSS-001,2022-05-25T14:00Z,"[{'displayName': 'DSCOVR: PLASMAG'}, {'displayName': 'STEREO A: IMPACT'}, {'displayName': 'STEREO A: PLASTIC'}]",2022-05-25T21:29Z,2,https://webtools.ccmc.gsfc.nasa.gov/DONKI/view/HSS/20343/-1,[{'activityID': '2022-05-25T02:00:00-IPS-001'}]
2022-05-27T09:00:00-HSS-001,2022-05-27T09:00Z,[{'displayName': 'STEREO A: IMPACT'}],2022-05-27T19:15Z,1,https://webtools.ccmc.gsfc.nasa.gov/DONKI/view/HSS/20356/-1,
2022-05-27T11:56:00-HSS-001,2022-05-27T11:56Z,"[{'displayName': 'DSCOVR: PLASMAG'}, {'displayName': 'ACE: SWEPAM'}, {'displayName': 'ACE: MAG'}]",2022-05-30T17:13Z,2,https://webtools.ccmc.gsfc.nasa.gov/DONKI/view/HSS/20355/-1,"[{'activityID': '2022-05-27T09:58:00-IPS-001'}, {'activityID': '2022-05-30T01:35:00-RBE-001'}]"
2022-06-12T08:04:00-HSS-001,2022-06-12T08:04Z,"[{'displayName': 'DSCOVR: PLASMAG'}, {'displayName': 'ACE: SWEPAM'}, {'displayName': 'ACE: MAG'}]",2022-06-14T13:29Z,1,https://webtools.ccmc.gsfc.nasa.gov/DONKI/view/HSS/20489/-1,[{'activityID': '2022-06-12T03:37:00-IPS-001'}]
2022-06-18T11:45:00-HSS-001,2022-06-18T11:45Z,"[{'displayName': 'STEREO A: PLASTIC'}, {'displayName': 'STEREO A: IMPACT'}]",2022-06-18T19:07Z,1,https://webtools.ccmc.gsfc.nasa.gov/DONKI/view/HSS/20548/-1,[{'activityID': '2022-06-18T11:24:00-IPS-001'}]
2022-06-20T09:40:00-HSS-001,2022-06-20T09:40Z,"[{'displayName': 'DSCOVR: PLASMAG'}, {'displayName': 'ACE: SWEPAM'}, {'displayName': 'ACE: MAG'}]",2022-06-20T13:42Z,1,https://webtools.ccmc.gsfc.nasa.gov/DONKI/view/HSS/20561/-1,"[{'activityID': '2022-06-20T07:15:00-IPS-001'}, {'activityID': '2022-06-20T14:43:00-MPC-001'}]"
2022-06-25T18:30:00-HSS-001,2022-06-25T18:30Z,"[{'displayName': 'DSCOVR: PLASMAG'}, {'displayName': 'ACE: SWEPAM'}, {'displayName': 'ACE: MAG'}]",2022-06-29T17:15Z,4,https://webtools.ccmc.gsfc.nasa.gov/DONKI/view/HSS/20617/-1,"[{'activityID': '2022-06-25T08:30:00-IPS-001'}, {'activityID': '2022-06-26T15:40:00-RBE-001'}]"
2022-07-12T05:32:00-HSS-001,2022-07-12T05:32Z,"[{'displayName': 'DSCOVR: PLASMAG'}, {'displayName': 'ACE: SWEPAM'}, {'displayName': 'ACE: MAG'}]",2022-07-16T11:41Z,2,https://webtools.ccmc.gsfc.nasa.gov/DONKI/view/HSS/20811/-1,[{'activityID': '2022-07-16T07:20:00-RBE-001'}]
2022-07-21T16:51:00-HSS-001,2022-07-21T16:51Z,"[{'displayName': 'DSCOVR: PLASMAG'}, {'displayName': 'ACE: SWEPAM'}, {'displayName': 'ACE: MAG'}]",2022-07-22T12:39Z,3,https://webtools.ccmc.gsfc.nasa.gov/DONKI/view/HSS/20926/-1,[{'activityID': '2022-07-21T03:54:00-IPS-001'}]
2022-07-31T20:05:00-HSS-001,2022-07-31T20:05Z,"[{'displayName': 'DSCOVR: PLASMAG'}, {'displayName': 'ACE: SWEPAM'}, {'displayName': 'ACE: MAG'}]",2022-08-01T19:00Z,2,https://webtools.ccmc.gsfc.nasa.gov/DONKI/view/HSS/21061/-1,[{'activityID': '2022-07-31T08:20:00-IPS-001'}]
2022-08-04T15:19:00-HSS-001,2022-08-04T15:19Z,"[{'displayName': 'STEREO A: IMPACT'}, {'displayName': 'STEREO A: PLASTIC'}]",2022-08-05T15:23Z,1,https://webtools.ccmc.gsfc.nasa.gov/DONKI/view/HSS/21101/-1,[{'activityID': '2022-08-04T10:39:00-IPS-001'}]
2022-07-28T14:13:00-HSS-001,2022-07-28T14:13Z,"[{'displayName': 'STEREO A: PLASTIC'}, {'displayName': 'STEREO A: IMPACT'}]",2022-08-05T15:28Z,2,https://webtools.ccmc.gsfc.nasa.gov/DONKI/view/HSS/21026/-1,[{'activityID': '2022-07-28T07:17:00-IPS-001'}]
2022-08-07T00:45:00-HSS-001,2022-08-07T00:45Z,"[{'displayName': 'DSCOVR: PLASMAG'}, {'displayName': 'ACE: SWEPAM'}, {'displayName': 'ACE: MAG'}]",2022-08-17T17:04Z,3,https://webtools.ccmc.gsfc.nasa.gov/DONKI/view/HSS/21126/-1,"[{'activityID': '2022-08-07T00:45:00-IPS-001'}, {'activityID': '2022-08-07T21:00:00-GST-001'}, {'activityID': '2022-08-08T15:00:00-RBE-001'}]"
2022-08-17T19:45:00-HSS-001,2022-08-17T19:45Z,"[{'displayName': 'DSCOVR: PLASMAG'}, {'displayName': 'ACE: SWEPAM'}, {'displayName': 'ACE: MAG'}]",2022-08-24T12:35Z,2,https://webtools.ccmc.gsfc.nasa.gov/DONKI/view/HSS/21273/-1,"[{'activityID': '2022-08-17T18:00:00-GST-001'}, {'activityID': '2022-08-19T12:40:00-RBE-001'}]"
2022-08-25T09:04:00-HSS-001,2022-08-25T09:04Z,"[{'displayName': 'STEREO A: PLASTIC'}, {'displayName': 'STEREO A: IMPACT'}]",2022-08-27T14:47Z,1,https://webtools.ccmc.gsfc.nasa.gov/DONKI/view/HSS/21387/-1,[{'activityID': '2022-08-25T08:04:00-IPS-001'}]
2022-08-27T19:27:00-HSS-001,2022-08-27T19:27Z,"[{'displayName': 'DSCOVR: PLASMAG'}, {'displayName': 'ACE: SWEPAM'}, {'displayName': 'ACE: MAG'}]",2022-08-28T11:06Z,2,https://webtools.ccmc.gsfc.nasa.gov/DONKI/view/HSS/21386/-1,[{'activityID': '2022-08-27T08:38:00-IPS-001'}]
2022-08-29T08:32:00-HSS-001,2022-08-29T08:32Z,"[{'displayName': 'DSCOVR: PLASMAG'}, {'displayName': 'ACE: SWEPAM'}, {'displayName': 'ACE: MAG'}]",2022-08-29T16:05Z,3,https://webtools.ccmc.gsfc.nasa.gov/DONKI/view/HSS/21434/-1,
2022-09-01T08:15:00-HSS-001,2022-09-01T08:15Z,"[{'displayName': 'STEREO A: IMPACT'}, {'displayName': 'STEREO A: PLASTIC'}]",2022-09-02T15:36Z,1,https://webtools.ccmc.gsfc.nasa.gov/DONKI/view/HSS/21508/-1,[{'activityID': '2022-09-01T06:35:00-IPS-001'}]
2022-09-03T08:20:00-HSS-001,2022-09-03T08:20Z,"[{'displayName': 'DSCOVR: PLASMAG'}, {'displayName': 'ACE: SWEPAM'}, {'displayName': 'ACE: MAG'}]",2022-09-07T13:48Z,4,https://webtools.ccmc.gsfc.nasa.gov/DONKI/view/HSS/21522/-1,"[{'activityID': '2022-09-03T05:22:00-IPS-001'}, {'activityID': '2022-09-04T03:00:00-GST-001'}, {'activityID': '2022-09-04T13:55:00-RBE-001'}]"
2022-09-13T18:10:00-HSS-001,2022-09-13T18:10Z,"[{'displayName': 'STEREO A: IMPACT'}, {'displayName': 'STEREO A: PLASTIC'}]",2022-09-14T16:19Z,1,https://webtools.ccmc.gsfc.nasa.gov/DONKI/view/HSS/21622/-1,[{'activityID': '2022-09-13T16:58:00-IPS-001'}]
2022-09-18T04:58:00-HSS-001,2022-09-18T04:58Z,"[{'displayName': 'DSCOVR: PLASMAG'}, {'displayName': 'ACE: SWEPAM'}, {'displayName': 'ACE: MAG'}]",2022-09-19T20:17Z,1,https://webtools.ccmc.gsfc.nasa.gov/DONKI/view/HSS/21677/-1,
2022-09-21T20:04:00-HSS-001,2022-09-21T20:04Z,"[{'displayName': 'STEREO A: IMPACT'}, {'displayName': 'STEREO A: PLASTIC'}]",2022-09-22T18:23Z,1,https://webtools.ccmc.gsfc.nasa.gov/DONKI/view/HSS/21706/-1,[{'activityID': '2022-09-21T18:28:00-IPS-001'}]
2022-09-24T20:00:00-HSS-001,2022-09-24T20:00Z,"[{'displayName': 'STEREO A: IMPACT'}, {'displayName': 'STEREO A: PLASTIC'}]",2022-09-25T16:30Z,1,https://webtools.ccmc.gsfc.nasa.gov/DONKI/view/HSS/21749/-1,
2022-09-27T01:13:00-HSS-001,2022-09-27T01:13Z,"[{'displayName': 'DSCOVR: PLASMAG'}, {'displayName': 'ACE: SWEPAM'}, {'displayName': 'ACE: MAG'}]",2022-09-27T10:47Z,1,https://webtools.ccmc.gsfc.nasa.gov/DONKI/view/HSS/21759/-1,"[{'activityID': '2022-09-26T21:07:00-IPS-001'}, {'activityID': '2022-09-27T00:00:00-GST-001'}]"
2022-09-29T15:36:00-HSS-001,2022-09-29T15:36Z,"[{'displayName': 'STEREO A: IMPACT'}, {'displayName': 'STEREO A: PLASTIC'}]",2022-09-29T18:46Z,1,https://webtools.ccmc.gsfc.nasa.gov/DONKI/view/HSS/21794/-1,[{'activityID': '2022-09-29T13:37:00-IPS-001'}]
2022-10-03T20:29:00-HSS-001,2022-10-03T20:29Z,"[{'displayName': 'DSCOVR: PLASMAG'}, {'displayName': 'ACE: SWEPAM'}, {'displayName': 'ACE: MAG'}]",2022-10-04T12:31Z,3,https://webtools.ccmc.gsfc.nasa.gov/DONKI/view/HSS/21890/-1,"[{'activityID': '2022-10-03T09:39:00-IPS-001'}, {'activityID': '2022-10-05T14:40:00-RBE-001'}]"
2022-09-23T00:36:00-HSS-001,2022-09-23T00:36Z,"[{'displayName': 'DSCOVR: PLASMAG'}, {'displayName': 'ACE: MAG'}]",2022-10-10T18:56Z,4,https://webtools.ccmc.gsfc.nasa.gov/DONKI/view/HSS/21726/-1,
2022-10-14T13:25:00-HSS-001,2022-10-14T13:25Z,"[{'displayName': 'DSCOVR: PLASMAG'}, {'displayName': 'ACE: SWEPAM'}, {'displayName': 'ACE: MAG'}]",2022-10-20T15:08Z,6,https://webtools.ccmc.gsfc.nasa.gov/DONKI/view/HSS/22027/-1,"[{'activityID': '2022-10-14T08:12:00-IPS-001'}, {'activityID': '2022-10-20T13:50:00-RBE-001'}]"
2022-10-21T00:47:00-HSS-001,2022-10-21T00:47Z,"[{'displayName': 'STEREO A: PLASTIC'}, {'displayName': 'STEREO A: IMPACT'}]",2022-10-21T11:57Z,1,https://webtools.ccmc.gsfc.nasa.gov/DONKI/view/HSS/22072/-1,[{'activityID': '2022-10-20T23:22:00-IPS-001'}]
2022-10-22T20:16:00-HSS-001,2022-10-22T20:16Z,"[{'displayName': 'DSCOVR: PLASMAG'}, {'displayName': 'ACE: SWEPAM'}, {'displayName': 'ACE: MAG'}]",2022-10-26T15:26Z,2,https://webtools.ccmc.gsfc.nasa.gov/DONKI/view/HSS/22086/-1,[{'activityID': '2022-10-22T07:30:00-IPS-001'}]
2022-10-26T00:45:00-HSS-001,2022-10-26T00:45Z,"[{'displayName': 'STEREO A: IMPACT'}, {'displayName': 'STEREO A: PLASTIC'}]",2022-10-26T15:36Z,1,https://webtools.ccmc.gsfc.nasa.gov/DONKI/view/HSS/22112/-1,[{'activityID': '2022-10-25T23:53:00-IPS-001'}]
2022-10-28T15:20:00-HSS-001,2022-10-28T15:20Z,"[{'displayName': 'DSCOVR: PLASMAG'}, {'displayName': 'ACE: SWEPAM'}, {'displayName': 'ACE: MAG'}]",2022-11-02T16:09Z,2,https://webtools.ccmc.gsfc.nasa.gov/DONKI/view/HSS/22146/-1,"[{'activityID': '2022-10-28T13:58:00-IPS-001'}, {'activityID': '2022-10-29T17:10:00-RBE-001'}, {'activityID': '2022-11-03T12:35:00-RBE-001'}]"
2022-11-02T14:45:00-HSS-001,2022-11-02T14:45Z,"[{'displayName': 'DSCOVR: PLASMAG'}, {'displayName': 'ACE: SWEPAM'}, {'displayName': 'ACE: MAG'}]",2022-11-03T11:33Z,2,https://webtools.ccmc.gsfc.nasa.gov/DONKI/view/HSS/22181/-1,"[{'activityID': '2022-11-02T11:45:00-IPS-001'}, {'activityID': '2022-11-03T12:35:00-RBE-001'}]"
2022-11-11T09:49:00-HSS-001,2022-11-11T09:49Z,"[{'displayName': 'DSCOVR: PLASMAG'}, {'displayName': 'ACE: SWEPAM'}, {'displayName': 'ACE: MAG'}]",2022-11-12T17:56Z,1,https://webtools.ccmc.gsfc.nasa.gov/DONKI/view/HSS/22265/-1,[{'activityID': '2022-11-11T03:00:00-IPS-001'}]
2022-11-20T18:33:00-HSS-001,2022-11-20T18:33Z,"[{'displayName': 'DSCOVR: PLASMAG'}, {'displayName': 'ACE: SWEPAM'}, {'displayName': 'ACE: MAG'}]",2022-11-22T11:23Z,2,https://webtools.ccmc.gsfc.nasa.gov/DONKI/view/HSS/22403/-1,[{'activityID': '2022-11-20T13:48:00-IPS-001'}]
2022-11-26T12:38:00-HSS-001,2022-11-26T12:38Z,"[{'displayName': 'STEREO A: PLASTIC'}, {'displayName': 'STEREO A: IMPACT'}]",2022-11-26T22:08Z,1,https://webtools.ccmc.gsfc.nasa.gov/DONKI/view/HSS/22514/-1,
2022-11-24T23:15:00-HSS-001,2022-11-24T23:15Z,"[{'displayName': 'DSCOVR: PLASMAG'}, {'displayName': 'ACE: SWEPAM'}, {'displayName': 'ACE: MAG'}]",2022-11-27T13:34Z,3,https://webtools.ccmc.gsfc.nasa.gov/DONKI/view/HSS/22485/-1,"[{'activityID': '2022-11-24T17:58:00-IPS-001'}, {'activityID': '2022-11-27T13:45:00-RBE-001'}]"
2022-11-26T09:44:00-HSS-001,2022-11-26T09:44Z,"[{'displayName': 'DSCOVR: PLASMAG'}, {'displayName': 'ACE: SWEPAM'}, {'displayName': 'ACE: MAG'}]",2022-11-27T16:30Z,1,https://webtools.ccmc.gsfc.nasa.gov/DONKI/view/HSS/22529/-1,"[{'activityID': '2022-11-26T12:53:00-IPS-001'}, {'activityID': '2022-11-27T13:45:00-RBE-001'}]"
2022-11-27T23:46:00-HSS-001,2022-11-27T23:46Z,"[{'displayName': 'DSCOVR: PLASMAG'}, {'displayName': 'ACE: SWEPAM'}, {'displayName': 'ACE: MAG'}]",2022-11-28T05:31Z,1,https://webtools.ccmc.gsfc.nasa.gov/DONKI/view/HSS/22539/-1,"[{'activityID': '2022-11-27T17:03:00-IPS-001'}, {'activityID': '2022-11-29T13:55:00-RBE-001'}]"
2022-11-30T22:36:00-HSS-001,2022-11-30T22:36Z,"[{'displayName': 'DSCOVR: PLASMAG'}, {'displayName': 'ACE: SWEPAM'}, {'displayName': 'ACE: MAG'}]",2022-12-01T21:18Z,1,https://webtools.ccmc.gsfc.nasa.gov/DONKI/view/HSS/22606/-1,"[{'activityID': '2022-11-30T22:36:00-IPS-001'}, {'activityID': '2022-12-01T14:15:00-RBE-001'}]"
2022-11-30T10:18:00-HSS-001,2022-11-30T10:18Z,[{'displayName': 'STEREO A: IMPACT'}],2022-12-03T13:43Z,2,https://webtools.ccmc.gsfc.nasa.gov/DONKI/view/HSS/22582/-1,
2022-12-06T23:05:00-HSS-001,2022-12-06T23:05Z,"[{'displayName': 'STEREO A: PLASTIC'}, {'displayName': 'STEREO A: IMPACT'}]",2022-12-07T12:24Z,1,https://webtools.ccmc.gsfc.nasa.gov/DONKI/view/HSS/22661/-1,[{'activityID': '2022-12-06T22:45:00-IPS-001'}]
2022-12-07T08:40:00-HSS-001,2022-12-07T08:40Z,"[{'displayName': 'DSCOVR: PLASMAG'}, {'displayName': 'ACE: SWEPAM'}, {'displayName': 'ACE: MAG'}]",2022-12-07T12:30Z,1,https://webtools.ccmc.gsfc.nasa.gov/DONKI/view/HSS/22663/-1,[{'activityID': '2022-12-07T08:46:00-IPS-001'}]
2022-12-18T14:49:00-HSS-001,2022-12-18T14:49Z,"[{'displayName': 'STEREO A: IMPACT'}, {'displayName': 'STEREO A: PLASTIC'}]",2022-12-18T18:37Z,1,https://webtools.ccmc.gsfc.nasa.gov/DONKI/view/HSS/22888/-1,[{'activityID': '2022-12-18T14:44:00-IPS-001'}]
2022-12-22T21:04:00-HSS-001,2022-12-22T21:04Z,"[{'displayName': 'DSCOVR: PLASMAG'}, {'displayName': 'ACE: SWEPAM'}, {'displayName': 'ACE: MAG'}]",2022-12-23T18:54Z,2,https://webtools.ccmc.gsfc.nasa.gov/DONKI/view/HSS/22947/-1,[{'activityID': '2022-12-24T14:05:00-RBE-001'}]
2022-12-24T19:20:00-HSS-001,2022-12-24T19:20Z,"[{'displayName': 'DSCOVR: PLASMAG'}, {'displayName': 'ACE: SWEPAM'}, {'displayName': 'ACE: MAG'}]",2022-12-25T19:29Z,1,https://webtools.ccmc.gsfc.nasa.gov/DONKI/view/HSS/22998/-1,"[{'activityID': '2022-12-23T19:21:00-IPS-001'}, {'activityID': '2022-12-27T17:05:00-RBE-001'}]"
2022-12-29T20:52:00-HSS-001,2022-12-29T20:52Z,"[{'displayName': 'DSCOVR: PLASMAG'}, {'displayName': 'ACE: SWEPAM'}, {'displayName': 'ACE: MAG'}]",2022-12-30T13:26Z,1,https://webtools.ccmc.gsfc.nasa.gov/DONKI/view/HSS/23063/-1,[{'activityID': '2022-12-27T17:05:00-RBE-001'}]
2023-01-05T22:35:00-HSS-001,2023-01-05T22:35Z,"[{'displayName': 'DSCOVR: PLASMAG'}, {'displayName': 'ACE: SWEPAM'}, {'displayName': 'ACE: MAG'}]",2023-01-06T19:17Z,2,https://webtools.ccmc.gsfc.nasa.gov/DONKI/view/HSS/23166/-1,
2023-01-10T00:23:00-HSS-001,2023-01-10T00:23Z,"[{'displayName': 'DSCOVR: PLASMAG'}, {'displayName': 'ACE: SWEPAM'}, {'displayName': 'ACE: MAG'}]",2023-01-12T22:01Z,1,https://webtools.ccmc.gsfc.nasa.gov/DONKI/view/HSS/23284/-1,
2023-01-13T17:36:00-HSS-001,2023-01-13T17:36Z,"[{'displayName': 'DSCOVR: PLASMAG'}, {'displayName': 'ACE: SWEPAM'}, {'displayName': 'ACE: MAG'}]",2023-01-15T20:33Z,1,https://webtools.ccmc.gsfc.nasa.gov/DONKI/view/HSS/23329/-1,[{'activityID': '2023-01-13T16:23:00-IPS-001'}]
2023-01-20T22:53:00-HSS-001,2023-01-20T22:53Z,"[{'displayName': 'DSCOVR: PLASMAG'}, {'displayName': 'ACE: SWEPAM'}, {'displayName': 'ACE: MAG'}]",2023-01-21T20:12Z,3,https://webtools.ccmc.gsfc.nasa.gov/DONKI/view/HSS/23405/-1,
2023-01-30T19:45:00-HSS-001,2023-01-30T19:45Z,"[{'displayName': 'DSCOVR: PLASMAG'}, {'displayName': 'ACE: SWEPAM'}, {'displayName': 'ACE: MAG'}]",2023-01-31T13:22Z,1,https://webtools.ccmc.gsfc.nasa.gov/DONKI/view/HSS/23526/-1,
2023-01-30T03:53:00-HSS-001,2023-01-30T03:53Z,"[{'displayName': 'STEREO A: IMPACT'}, {'displayName': 'STEREO A: PLASTIC'}]",2023-01-31T14:54Z,3,https://webtools.ccmc.gsfc.nasa.gov/DONKI/view/HSS/23524/-1,
2023-01-25T12:30:00-HSS-001,2023-01-25T12:30Z,"[{'displayName': 'STEREO A: IMPACT'}, {'displayName': 'STEREO A: PLASTIC'}]",2023-01-31T15:00Z,2,https://webtools.ccmc.gsfc.nasa.gov/DONKI/view/HSS/23461/-1,[{'activityID': '2023-01-25T08:30:00-IPS-001'}]
2023-01-25T18:40:00-HSS-001,2023-01-25T18:40Z,"[{'displayName': 'DSCOVR: PLASMAG'}, {'displayName': 'ACE: SWEPAM'}, {'displayName': 'ACE: MAG'}]",2023-01-31T15:01Z,5,https://webtools.ccmc.gsfc.nasa.gov/DONKI/view/HSS/23463/-1,
2023-02-05T15:35:00-HSS-001,2023-02-05T15:35Z,"[{'displayName': 'STEREO A: PLASTIC'}, {'displayName': 'STEREO A: IMPACT'}]",2023-02-07T17:56Z,3,https://webtools.ccmc.gsfc.nasa.gov/DONKI/view/HSS/23619/-1,[{'activityID': '2023-02-05T15:30:00-IPS-001'}]
2023-02-05T22:48:00-HSS-001,2023-02-05T22:48Z,"[{'displayName': 'DSCOVR: PLASMAG'}, {'displayName': 'ACE: SWEPAM'}, {'displayName': 'ACE: MAG'}]",2023-02-07T19:00Z,2,https://webtools.ccmc.gsfc.nasa.gov/DONKI/view/HSS/23617/-1,"[{'activityID': '2023-02-05T20:39:00-IPS-001'}, {'activityID': '2023-02-08T12:45:00-RBE-001'}, {'activityID': '2023-02-12T14:00:00-RBE-001'}]"
2023-02-01T15:40:00-HSS-001,2023-02-01T15:40Z,"[{'displayName': 'DSCOVR: PLASMAG'}, {'displayName': 'ACE: SWEPAM'}, {'displayName': 'ACE: MAG'}, {'displayName': 'STEREO A: IMPACT'}, {'displayName': 'STEREO A: PLASTIC'}]",2023-02-08T14:18Z,4,https://webtools.ccmc.gsfc.nasa.gov/DONKI/view/HSS/23562/-1,[{'activityID': '2023-02-01T15:40:00-IPS-001'}]
2023-02-10T19:15:00-HSS-001,2023-02-10T19:15Z,"[{'displayName': 'DSCOVR: PLASMAG'}, {'displayName': 'ACE: SWEPAM'}, {'displayName': 'ACE: MAG'}]",2023-02-13T20:35Z,1,https://webtools.ccmc.gsfc.nasa.gov/DONKI/view/HSS/23752/-1,[{'activityID': '2023-02-12T14:00:00-RBE-001'}]
2023-02-15T23:05:00-HSS-001,2023-02-15T23:05Z,"[{'displayName': 'DSCOVR: PLASMAG'}, {'displayName': 'ACE: SWEPAM'}, {'displayName': 'ACE: MAG'}]",2023-02-20T19:17Z,3,https://webtools.ccmc.gsfc.nasa.gov/DONKI/view/HSS/23790/-1,
2023-02-21T07:54:00-HSS-001,2023-02-21T07:54Z,"[{'displayName': 'STEREO A: PLASTIC'}, {'displayName': 'STEREO A: IMPACT'}]",2023-02-22T18:19Z,2,https://webtools.ccmc.gsfc.nasa.gov/DONKI/view/HSS/23867/-1,
2023-02-22T23:26:00-HSS-001,2023-02-22T23:26Z,"[{'displayName': 'DSCOVR: PLASMAG'}, {'displayName': 'ACE: SWEPAM'}]",2023-02-23T15:43Z,1,https://webtools.ccmc.gsfc.nasa.gov/DONKI/view/HSS/23888/-1,[{'activityID': '2023-02-23T19:30:00-RBE-001'}]
2023-02-25T11:00:00-HSS-001,2023-02-25T11:00Z,"[{'displayName': 'STEREO A: IMPACT'}, {'displayName': 'STEREO A: PLASTIC'}]",2023-02-26T13:28Z,1,https://webtools.ccmc.gsfc.nasa.gov/DONKI/view/HSS/23964/-1,[{'activityID': '2023-02-25T10:00:00-IPS-001'}]
2023-02-26T18:38:00-HSS-001,2023-02-26T18:38Z,"[{'displayName': 'DSCOVR: PLASMAG'}, {'displayName': 'ACE: SWEPAM'}, {'displayName': 'ACE: MAG'}]",2023-02-26T19:51Z,1,https://webtools.ccmc.gsfc.nasa.gov/DONKI/view/HSS/23978/-1,"[{'activityID': '2023-02-26T18:43:00-IPS-001'}, {'activityID': '2023-02-27T03:00:00-GST-001'}, {'activityID': '2023-02-28T21:55:00-RBE-001'}]"
2023-03-02T21:35:00-HSS-001,2023-03-02T21:35Z,"[{'displayName': 'ACE: SWEPAM'}, {'displayName': 'ACE: MAG'}, {'displayName': 'DSCOVR: PLASMAG'}]",2023-03-08T20:27Z,2,https://webtools.ccmc.gsfc.nasa.gov/DONKI/view/HSS/24121/-1,[{'activityID': '2023-03-05T05:05:00-RBE-001'}]
2023-03-14T04:00:00-HSS-001,2023-03-14T04:00Z,"[{'displayName': 'DSCOVR: PLASMAG'}, {'displayName': 'ACE: SWEPAM'}, {'displayName': 'ACE: MAG'}]",2023-03-20T16:44Z,1,https://webtools.ccmc.gsfc.nasa.gov/DONKI/view/HSS/24322/-1,[{'activityID': '2023-03-14T03:58:00-IPS-001'}]
2023-03-15T20:13:00-HSS-001,2023-03-15T20:13Z,"[{'displayName': 'DSCOVR: PLASMAG'}, {'displayName': 'ACE: SWEPAM'}, {'displayName': 'ACE: MAG'}]",2023-03-21T13:23Z,2,https://webtools.ccmc.gsfc.nasa.gov/DONKI/view/HSS/24275/-1,
2023-03-21T05:20:00-HSS-001,2023-03-21T05:20Z,"[{'displayName': 'DSCOVR: PLASMAG'}, {'displayName': 'ACE: SWEPAM'}, {'displayName': 'ACE: MAG'}]",2023-03-22T18:20Z,3,https://webtools.ccmc.gsfc.nasa.gov/DONKI/view/HSS/24352/-1,
2023-03-24T14:19:00-HSS-001,2023-03-24T14:19Z,"[{'displayName': 'DSCOVR: PLASMAG'}, {'displayName': 'ACE: SWEPAM'}, {'displayName': 'ACE: MAG'}]",2023-03-25T13:08Z,1,https://webtools.ccmc.gsfc.nasa.gov/DONKI/view/HSS/24376/-1,[{'activityID': '2023-03-27T00:25:00-RBE-001'}]
2023-03-30T12:45:00-HSS-001,2023-03-30T12:45Z,"[{'displayName': 'DSCOVR: PLASMAG'}, {'displayName': 'ACE: SWEPAM'}, {'displayName': 'ACE: MAG'}]",2023-03-31T12:21Z,1,https://webtools.ccmc.gsfc.nasa.gov/DONKI/view/HSS/24438/-1,[{'activityID': '2023-03-31T18:15:00-RBE-001'}]
2023-04-10T06:24:00-HSS-001,2023-04-10T06:24Z,"[{'displayName': 'DSCOVR: PLASMAG'}, {'displayName': 'ACE: SWEPAM'}, {'displayName': 'ACE: MAG'}]",2023-04-10T12:24Z,2,https://webtools.ccmc.gsfc.nasa.gov/DONKI/view/HSS/24585/-1,[{'activityID': '2023-04-09T21:57:00-IPS-001'}]
2023-04-09T10:48:00-HSS-001,2023-04-09T10:48Z,"[{'displayName': 'STEREO A: IMPACT'}, {'displayName': 'STEREO A: PLASTIC'}]",2023-04-10T17:05Z,3,https://webtools.ccmc.gsfc.nasa.gov/DONKI/view/HSS/24579/-1,
2023-04-26T17:30:00-HSS-001,2023-04-26T17:30Z,"[{'displayName': 'DSCOVR: PLASMAG'}, {'displayName': 'ACE: SWEPAM'}, {'displayName': 'ACE: MAG'}]",2023-05-02T20:14Z,3,https://webtools.ccmc.gsfc.nasa.gov/DONKI/view/HSS/24818/-1,[{'activityID': '2023-04-30T07:50:00-RBE-001'}]
2023-05-20T03:34:00-HSS-001,2023-05-20T03:34Z,"[{'displayName': 'DSCOVR: PLASMAG'}, {'displayName': 'ACE: SWEPAM'}, {'displayName': 'ACE: MAG'}]",2023-05-20T13:47Z,1,https://webtools.ccmc.gsfc.nasa.gov/DONKI/view/HSS/25256/-1,"[{'activityID': '2023-05-20T00:00:00-GST-001'}, {'activityID': '2023-05-21T14:55:00-RBE-001'}]"
2023-05-22T14:25:00-HSS-001,2023-05-22T14:25Z,"[{'displayName': 'DSCOVR: PLASMAG'}, {'displayName': 'ACE: SWEPAM'}, {'displayName': 'ACE: MAG'}]",2023-05-24T15:08Z,1,https://webtools.ccmc.gsfc.nasa.gov/DONKI/view/HSS/25339/-1,[{'activityID': '2023-05-23T13:20:00-RBE-001'}]
2023-05-06T05:24:00-HSS-001,2023-05-06T05:24Z,"[{'displayName': 'DSCOVR: PLASMAG'}, {'displayName': 'ACE: SWEPAM'}, {'displayName': 'ACE: MAG'}]",2023-05-26T11:16Z,1,https://webtools.ccmc.gsfc.nasa.gov/DONKI/view/HSS/25360/-1,[{'activityID': '2023-05-06T00:25:00-IPS-001'}]
2023-06-11T01:40:00-HSS-001,2023-06-11T01:40Z,"[{'displayName': 'DSCOVR: PLASMAG'}, {'displayName': 'ACE: SWEPAM'}, {'displayName': 'ACE: MAG'}]",2023-06-12T13:11Z,1,https://webtools.ccmc.gsfc.nasa.gov/DONKI/view/HSS/25533/-1,[{'activityID': '2023-06-10T23:09:00-IPS-001'}]
2023-06-15T02:00:00-HSS-001,2023-06-15T02:00Z,"[{'displayName': 'STEREO A: IMPACT'}, {'displayName': 'STEREO A: PLASTIC'}]",2023-06-15T19:05Z,3,https://webtools.ccmc.gsfc.nasa.gov/DONKI/view/HSS/25570/-1,[{'activityID': '2023-06-14T21:00:00-IPS-001'}]
2023-06-15T09:15:00-HSS-001,2023-06-15T09:15Z,"[{'displayName': 'ACE: SWEPAM'}, {'displayName': 'ACE: MAG'}]",2023-06-15T19:42Z,5,https://webtools.ccmc.gsfc.nasa.gov/DONKI/view/HSS/25571/-1,"[{'activityID': '2023-06-15T05:46:00-IPS-001'}, {'activityID': '2023-06-15T21:00:00-GST-001'}, {'activityID': '2023-06-17T13:35:00-RBE-001'}]"
2023-06-19T14:00:00-HSS-001,2023-06-19T14:00Z,"[{'displayName': 'ACE: SWEPAM'}, {'displayName': 'ACE: MAG'}, {'displayName': 'DSCOVR: PLASMAG'}]",2023-06-23T17:34Z,1,https://webtools.ccmc.gsfc.nasa.gov/DONKI/view/HSS/25685/-1,[{'activityID': '2023-06-23T14:10:00-RBE-001'}]
2023-06-23T09:30:00-HSS-001,2023-06-23T09:30Z,"[{'displayName': 'STEREO A: IMPACT'}, {'displayName': 'STEREO A: PLASTIC'}]",2023-06-27T16:38Z,1,https://webtools.ccmc.gsfc.nasa.gov/DONKI/view/HSS/25737/-1,[{'activityID': '2023-06-23T11:00:00-IPS-001'}]
2023-06-23T14:16:00-HSS-001,2023-06-23T14:16Z,"[{'displayName': 'ACE: MAG'}, {'displayName': 'ACE: SWEPAM'}]",2023-06-27T16:40Z,4,https://webtools.ccmc.gsfc.nasa.gov/DONKI/view/HSS/25733/-1,"[{'activityID': '2023-06-23T17:33:00-IPS-001'}, {'activityID': '2023-06-27T12:50:00-RBE-001'}]"
2023-07-29T21:10:00-HSS-001,2023-07-29T21:10Z,"[{'displayName': 'DSCOVR: PLASMAG'}, {'displayName': 'ACE: SWEPAM'}, {'displayName': 'ACE: MAG'}]",2023-07-31T16:53Z,1,https://webtools.ccmc.gsfc.nasa.gov/DONKI/view/HSS/26267/-1,
2023-08-10T18:00:00-HSS-001,2023-08-10T18:00Z,"[{'displayName': 'DSCOVR: PLASMAG'}, {'displayName': 'ACE: SWEPAM'}, {'displayName': 'ACE: MAG'}]",2023-08-11T16:11Z,1,https://webtools.ccmc.gsfc.nasa.gov/DONKI/view/HSS/26479/-1,[{'activityID': '2023-08-10T16:00:00-IPS-001'}]
2023-08-18T01:54:00-HSS-001,2023-08-18T01:54Z,"[{'displayName': 'DSCOVR: PLASMAG'}, {'displayName': 'ACE: SWEPAM'}, {'displayName': 'ACE: MAG'}]",2023-08-18T17:41Z,4,https://webtools.ccmc.gsfc.nasa.gov/DONKI/view/HSS/26545/-1,
2023-08-19T19:10:00-HSS-001,2023-08-19T19:10Z,"[{'displayName': 'DSCOVR: PLASMAG'}, {'displayName': 'ACE: SWEPAM'}, {'displayName': 'ACE: MAG'}]",2023-08-20T16:17Z,1,https://webtools.ccmc.gsfc.nasa.gov/DONKI/view/HSS/26573/-1,
2023-09-01T18:00:00-HSS-001,2023-09-01T18:00Z,"[{'displayName': 'DSCOVR: PLASMAG'}, {'displayName': 'ACE: SWEPAM'}, {'displayName': 'ACE: MAG'}]",2023-09-05T17:07Z,3,https://webtools.ccmc.gsfc.nasa.gov/DONKI/view/HSS/26729/-1,"[{'activityID': '2023-09-01T18:00:00-IPS-001'}, {'activityID': '2023-09-03T00:00:00-GST-001'}, {'activityID': '2023-09-05T15:25:00-RBE-001'}]"
2023-09-27T16:40:00-HSS-001,2023-09-27T16:40Z,[{'displayName': 'DSCOVR: PLASMAG'}],2023-09-27T19:33Z,1,https://webtools.ccmc.gsfc.nasa.gov/DONKI/view/HSS/27122/-1,[{'activityID': '2023-10-03T14:05:00-RBE-001'}]
2023-07-05T12:00:00-HSS-001,2023-07-05T12:00Z,"[{'displayName': 'DSCOVR: PLASMAG'}, {'displayName': 'ACE: SWEPAM'}, {'displayName': 'ACE: MAG'}]",2023-10-03T15:25Z,3,https://webtools.ccmc.gsfc.nasa.gov/DONKI/view/HSS/25848/-1,[{'activityID': '2023-07-05T17:55:00-IPS-001'}]
2023-10-03T11:12:00-HSS-001,2023-10-03T11:12Z,"[{'displayName': 'DSCOVR: PLASMAG'}, {'displayName': 'ACE: SWEPAM'}, {'displayName': 'ACE: MAG'}]",2023-10-11T20:01Z,3,https://webtools.ccmc.gsfc.nasa.gov/DONKI/view/HSS/27248/-1,
2023-10-13T09:08:00-HSS-001,2023-10-13T09:08Z,"[{'displayName': 'STEREO A: IMPACT'}, {'displayName': 'STEREO A: PLASTIC'}]",2023-10-13T19:55Z,2,https://webtools.ccmc.gsfc.nasa.gov/DONKI/view/HSS/27289/-1,[{'activityID': '2023-10-13T01:42:00-IPS-001'}]
2023-10-13T11:55:00-HSS-001,2023-10-13T11:55Z,"[{'displayName': 'DSCOVR: PLASMAG'}, {'displayName': 'ACE: SWEPAM'}, {'displayName': 'ACE: MAG'}]",2023-10-15T13:52Z,3,https://webtools.ccmc.gsfc.nasa.gov/DONKI/view/HSS/27290/-1,[{'activityID': '2023-10-13T06:50:00-IPS-001'}]
2023-10-18T09:02:00-HSS-001,2023-10-18T09:02Z,"[{'displayName': 'DSCOVR: PLASMAG'}, {'displayName': 'ACE: SWEPAM'}, {'displayName': 'ACE: MAG'}]",2023-10-26T18:09Z,3,https://webtools.ccmc.gsfc.nasa.gov/DONKI/view/HSS/27376/-1,[{'activityID': '2023-10-18T02:31:00-IPS-001'}]
2023-10-26T21:00:00-HSS-001,2023-10-26T21:00Z,"[{'displayName': 'STEREO A: IMPACT'}, {'displayName': 'STEREO A: PLASTIC'}]",2023-10-27T17:47Z,1,https://webtools.ccmc.gsfc.nasa.gov/DONKI/view/HSS/27490/-1,[{'activityID': '2023-10-26T11:10:00-IPS-001'}]
2023-10-26T12:38:00-HSS-001,2023-10-26T12:38Z,"[{'displayName': 'DSCOVR: PLASMAG'}, {'displayName': 'ACE: SWEPAM'}, {'displayName': 'ACE: MAG'}]",2023-10-27T17:53Z,3,https://webtools.ccmc.gsfc.nasa.gov/DONKI/view/HSS/27469/-1,[{'activityID': '2023-10-26T03:43:00-IPS-001'}]
2023-10-28T05:54:00-HSS-001,2023-10-28T05:54Z,"[{'displayName': 'STEREO A: IMPACT'}, {'displayName': 'STEREO A: PLASTIC'}]",2023-10-29T15:42Z,2,https://webtools.ccmc.gsfc.nasa.gov/DONKI/view/HSS/27501/-1,
2023-10-28T05:35:00-HSS-001,2023-10-28T05:35Z,"[{'displayName': 'DSCOVR: PLASMAG'}, {'displayName': 'ACE: SWEPAM'}, {'displayName': 'ACE: MAG'}]",2023-10-30T20:12Z,5,https://webtools.ccmc.gsfc.nasa.gov/DONKI/view/HSS/27500/-1,"[{'activityID': '2023-10-28T03:36:00-IPS-001'}, {'activityID': '2023-10-29T15:20:00-RBE-001'}]"
2023-11-06T11:47:00-HSS-001,2023-11-06T11:47Z,"[{'displayName': 'ACE: SWEPAM'}, {'displayName': 'ACE: MAG'}, {'displayName': 'DSCOVR: PLASMAG'}]",2023-11-07T14:28Z,1,https://webtools.ccmc.gsfc.nasa.gov/DONKI/view/HSS/27636/-1,[{'activityID': '2023-11-07T15:35:00-RBE-001'}]
2023-11-13T16:17:00-HSS-001,2023-11-13T16:17Z,"[{'displayName': 'DSCOVR: PLASMAG'}, {'displayName': 'ACE: SWEPAM'}, {'displayName': 'ACE: MAG'}]",2023-11-16T19:09Z,1,https://webtools.ccmc.gsfc.nasa.gov/DONKI/view/HSS/27734/-1,
2023-11-22T05:14:00-HSS-001,2023-11-22T05:14Z,"[{'displayName': 'STEREO A: IMPACT'}, {'displayName': 'STEREO A: PLASTIC'}]",2023-11-22T17:16Z,1,https://webtools.ccmc.gsfc.nasa.gov/DONKI/view/HSS/27817/-1,[{'activityID': '2023-11-22T03:43:00-IPS-001'}]
2023-11-21T20:40:00-HSS-001,2023-11-21T20:40Z,"[{'displayName': 'DSCOVR: PLASMAG'}, {'displayName': 'ACE: SWEPAM'}, {'displayName': 'ACE: MAG'}]",2023-11-28T17:09Z,3,https://webtools.ccmc.gsfc.nasa.gov/DONKI/view/HSS/27809/-1,"[{'activityID': '2023-11-21T20:00:00-IPS-001'}, {'activityID': '2023-11-22T05:40:00-MPC-001'}, {'activityID': '2023-11-24T14:15:00-RBE-001'}]"
2023-11-24T18:50:00-HSS-001,2023-11-24T18:50Z,"[{'displayName': 'DSCOVR: PLASMAG'}, {'displayName': 'ACE: SWEPAM'}, {'displayName': 'ACE: MAG'}]",2023-11-29T14:46Z,1,https://webtools.ccmc.gsfc.nasa.gov/DONKI/view/HSS/27931/-1,"[{'activityID': '2023-11-24T18:50:00-IPS-001'}, {'activityID': '2023-11-25T09:28:00-MPC-001'}, {'activityID': '2023-11-25T18:00:00-GST-001'}]"
2023-12-04T08:19:00-HSS-001,2023-12-04T08:19Z,"[{'displayName': 'STEREO A: PLASTIC'}, {'displayName': 'STEREO A: IMPACT'}]",2023-12-04T20:32Z,2,https://webtools.ccmc.gsfc.nasa.gov/DONKI/view/HSS/28012/-1,
2023-12-03T16:08:00-HSS-001,2023-12-03T16:08Z,"[{'displayName': 'DSCOVR: PLASMAG'}, {'displayName': 'ACE: SWEPAM'}, {'displayName': 'ACE: MAG'}]",2023-12-06T13:17Z,3,https://webtools.ccmc.gsfc.nasa.gov/DONKI/view/HSS/28003/-1,[{'activityID': '2023-12-07T16:25:00-RBE-001'}]
2023-12-18T17:58:00-HSS-001,2023-12-18T17:58Z,"[{'displayName': 'DSCOVR: PLASMAG'}, {'displayName': 'ACE: SWEPAM'}]",2023-12-20T21:59Z,2,https://webtools.ccmc.gsfc.nasa.gov/DONKI/view/HSS/28257/-1,[{'activityID': '2023-12-21T13:35:00-RBE-001'}]
