catalog,activityID,location,eventTime,submissionTime,versionId,link,instruments
M2M_CATALOG,2021-01-05T12:20:00-IPS-001,Earth,2021-01-05T12:20Z,2021-01-05T20:32Z,2,https://webtools.ccmc.gsfc.nasa.gov/DONKI/view/IPS/16320/-1,"[{'displayName': 'DSCOVR: PLASMAG'}, {'displayName': 'ACE: SWEPAM'}, {'displayName': 'ACE: MAG'}]"
M2M_CATALOG,2021-02-23T10:32:00-IPS-001,STEREO A,2021-02-23T10:32Z,2021-02-24T17:13Z,2,https://webtools.ccmc.gsfc.nasa.gov/DONKI/view/IPS/16527/-1,"[{'displayName': 'STEREO A: IMPACT'}, {'displayName': 'STEREO A: PLASTIC'}]"
M2M_CATALOG,2021-02-28T23:03:00-IPS-001,Earth,2021-02-28T23:03Z,2021-03-01T13:17Z,1,https://webtools.ccmc.gsfc.nasa.gov/DONKI/view/IPS/16551/-1,[{'displayName': 'DSCOVR: PLASMAG'}]
M2M_CATALOG,2021-03-24T10:03:00-IPS-001,STEREO A,2021-03-24T10:03Z,2021-03-24T14:53Z,1,https://webtools.ccmc.gsfc.nasa.gov/DONKI/view/IPS/16656/-1,"[{'displayName': 'STEREO A: PLASTIC'}, {'displayName': 'STEREO A: IMPACT'}]"
M2M_CATALOG,2021-03-24T19:18:00-IPS-001,Earth,2021-03-24T19:18Z,2021-03-25T20:12Z,6,https://webtools.ccmc.gsfc.nasa.gov/DONKI/view/IPS/16655/-1,[{'displayName': 'DSCOVR: PLASMAG'}]
M2M_CATALOG,2021-03-26T21:35:00-IPS-001,Earth,2021-03-26T21:35Z,2021-03-30T18:19Z,6,https://webtools.ccmc.gsfc.nasa.gov/DONKI/view/IPS/16673/-1,"[{'displayName': 'DSCOVR: PLASMAG'}, {'displayName': 'ACE: SWEPAM'}, {'displayName': 'ACE: MAG'}]"
M2M_CATALOG,2021-04-07T06:22:00-IPS-001,Earth,2021-04-07T06:22Z,2021-04-07T20:06Z,2,https://webtools.ccmc.gsfc.nasa.gov/DONKI/view/IPS/16692/-1,"[{'displayName': 'DSCOVR: PLASMAG'}, {'displayName': 'ACE: SWEPAM'}, {'displayName': 'ACE: MAG'}]"
M2M_CATALOG,2021-04-15T03:28:00-IPS-001,Earth,2021-04-15T03:28Z,2021-04-15T13:13Z,1,https://webtools.ccmc.gsfc.nasa.gov/DONKI/view/IPS/16728/-1,"[{'displayName': 'DSCOVR: PLASMAG'}, {'displayName': 'ACE: SWEPAM'}, {'displayName': 'ACE: MAG'}]"
M2M_CATALOG,2021-04-16T14:43:00-IPS-001,Earth,2021-04-16T14:43Z,2021-04-16T19:59Z,1,https://webtools.ccmc.gsfc.nasa.gov/DONKI/view/IPS/16734/-1,"[{'displayName': 'DSCOVR: PLASMAG'}, {'displayName': 'ACE: MAG'}]"
M2M_CATALOG,2021-04-24T22:24:00-IPS-001,Earth,2021-04-24T22:24Z,2021-04-25T12:21Z,1,https://webtools.ccmc.gsfc.nasa.gov/DONKI/view/IPS/16784/-1,[{'displayName': 'DSCOVR: PLASMAG'}]
M2M_CATALOG,2021-04-28T02:58:00-IPS-001,STEREO A,2021-04-28T02:58Z,2021-04-28T16:56Z,1,https://webtools.ccmc.gsfc.nasa.gov/DONKI/view/IPS/16806/-1,"[{'displayName': 'STEREO A: IMPACT'}, {'displayName': 'STEREO A: PLASTIC'}]"
M2M_CATALOG,2021-04-30T01:48:00-IPS-001,STEREO A,2021-04-30T01:48Z,2021-04-30T15:08Z,1,https://webtools.ccmc.gsfc.nasa.gov/DONKI/view/IPS/16816/-1,"[{'displayName': 'STEREO A: IMPACT'}, {'displayName': 'STEREO A: PLASTIC'}]"
M2M_CATALOG,2021-05-01T12:50:00-IPS-001,Earth,2021-05-01T12:50Z,2021-05-11T15:05Z,1,https://webtools.ccmc.gsfc.nasa.gov/DONKI/view/IPS/16882/-1,"[{'displayName': 'DSCOVR: PLASMAG'}, {'displayName': 'ACE: SWEPAM'}, {'displayName': 'ACE: MAG'}]"
M2M_CATALOG,2021-05-10T21:30:00-IPS-001,STEREO A,2021-05-10T21:30Z,2021-05-11T20:41Z,1,https://webtools.ccmc.gsfc.nasa.gov/DONKI/view/IPS/16886/-1,"[{'displayName': 'STEREO A: IMPACT'}, {'displayName': 'STEREO A: PLASTIC'}]"
M2M_CATALOG,2021-05-12T05:48:00-IPS-001,Earth,2021-05-12T05:48Z,2021-05-12T12:15Z,2,https://webtools.ccmc.gsfc.nasa.gov/DONKI/view/IPS/16888/-1,"[{'displayName': 'DSCOVR: PLASMAG'}, {'displayName': 'ACE: SWEPAM'}, {'displayName': 'ACE: MAG'}]"
M2M_CATALOG,2021-05-12T16:40:00-IPS-001,STEREO A,2021-05-12T16:40Z,2021-05-14T13:41Z,2,https://webtools.ccmc.gsfc.nasa.gov/DONKI/view/IPS/16900/-1,[{'displayName': 'STEREO A: IMPACT'}]
M2M_CATALOG,2021-05-20T08:45:00-IPS-001,Earth,2021-05-20T08:45Z,2021-05-20T18:04Z,2,https://webtools.ccmc.gsfc.nasa.gov/DONKI/view/IPS/16922/-1,"[{'displayName': 'DSCOVR: PLASMAG'}, {'displayName': 'ACE: SWEPAM'}, {'displayName': 'ACE: MAG'}]"
M2M_CATALOG,2021-05-25T19:35:00-IPS-001,STEREO A,2021-05-25T19:35Z,2021-05-27T17:00Z,2,https://webtools.ccmc.gsfc.nasa.gov/DONKI/view/IPS/16992/-1,"[{'displayName': 'STEREO A: IMPACT'}, {'displayName': 'STEREO A: PLASTIC'}]"
M2M_CATALOG,2021-05-26T11:37:00-IPS-001,Earth,2021-05-26T11:37Z,2021-05-26T21:14Z,2,https://webtools.ccmc.gsfc.nasa.gov/DONKI/view/IPS/16989/-1,"[{'displayName': 'DSCOVR: PLASMAG'}, {'displayName': 'ACE: SWEPAM'}, {'displayName': 'ACE: MAG'}]"
M2M_CATALOG,2021-06-02T12:20:00-IPS-001,Earth,2021-06-02T12:20Z,2021-06-10T20:58Z,3,https://webtools.ccmc.gsfc.nasa.gov/DONKI/view/IPS/17033/-1,"[{'displayName': 'DSCOVR: PLASMAG'}, {'displayName': 'ACE: SWEPAM'}, {'displayName': 'ACE: MAG'}]"
M2M_CATALOG,2021-06-07T06:16:00-IPS-001,Earth,2021-06-07T06:16Z,2021-06-07T12:43Z,1,https://webtools.ccmc.gsfc.nasa.gov/DONKI/view/IPS/17058/-1,"[{'displayName': 'DSCOVR: PLASMAG'}, {'displayName': 'ACE: SWEPAM'}, {'displayName': 'ACE: MAG'}]"
M2M_CATALOG,2021-06-15T12:06:00-IPS-001,Earth,2021-06-15T12:06Z,2021-06-15T15:14Z,2,https://webtools.ccmc.gsfc.nasa.gov/DONKI/view/IPS/17082/-1,"[{'displayName': 'DSCOVR: PLASMAG'}, {'displayName': 'ACE: SWEPAM'}, {'displayName': 'ACE: MAG'}]"
M2M_CATALOG,2021-06-19T20:55:00-IPS-001,STEREO A,2021-06-19T20:55Z,2021-06-21T16:52Z,1,https://webtools.ccmc.gsfc.nasa.gov/DONKI/view/IPS/17118/-1,"[{'displayName': 'STEREO A: IMPACT'}, {'displayName': 'STEREO A: PLASTIC'}]"
M2M_CATALOG,2021-06-20T11:21:00-IPS-001,Earth,2021-06-20T11:21Z,2021-06-24T17:00Z,1,https://webtools.ccmc.gsfc.nasa.gov/DONKI/view/IPS/17138/-1,"[{'displayName': 'DSCOVR: PLASMAG'}, {'displayName': 'ACE: SWEPAM'}, {'displayName': 'ACE: MAG'}]"
M2M_CATALOG,2021-06-27T04:00:00-IPS-001,STEREO A,2021-06-27T04:00Z,2021-06-27T16:15Z,1,https://webtools.ccmc.gsfc.nasa.gov/DONKI/view/IPS/17153/-1,"[{'displayName': 'STEREO A: IMPACT'}, {'displayName': 'STEREO A: PLASTIC'}]"
M2M_CATALOG,2021-06-30T02:42:00-IPS-001,Earth,2021-06-30T02:42Z,2021-06-30T18:45Z,1,https://webtools.ccmc.gsfc.nasa.gov/DONKI/view/IPS/17178/-1,"[{'displayName': 'DSCOVR: PLASMAG'}, {'displayName': 'ACE: SWEPAM'}, {'displayName': 'ACE: MAG'}]"
M2M_CATALOG,2021-07-01T02:30:00-IPS-001,Earth,2021-07-01T02:30Z,2021-07-02T18:49Z,4,https://webtools.ccmc.gsfc.nasa.gov/DONKI/view/IPS/17187/-1,"[{'displayName': 'DSCOVR: PLASMAG'}, {'displayName': 'ACE: SWEPAM'}, {'displayName': 'ACE: MAG'}]"
M2M_CATALOG,2021-07-10T00:31:00-IPS-001,Earth,2021-07-10T00:31Z,2021-07-10T14:32Z,1,https://webtools.ccmc.gsfc.nasa.gov/DONKI/view/IPS/17260/-1,"[{'displayName': 'DSCOVR: PLASMAG'}, {'displayName': 'ACE: SWEPAM'}, {'displayName': 'ACE: MAG'}]"
M2M_CATALOG,2021-07-14T10:00:00-IPS-001,Earth,2021-07-14T10:00Z,2021-07-14T12:35Z,1,https://webtools.ccmc.gsfc.nasa.gov/DONKI/view/IPS/17294/-1,"[{'displayName': 'DSCOVR: PLASMAG'}, {'displayName': 'ACE: SWEPAM'}, {'displayName': 'ACE: MAG'}]"
M2M_CATALOG,2021-07-24T01:48:00-IPS-001,STEREO A,2021-07-24T01:48Z,2021-07-24T17:03Z,1,https://webtools.ccmc.gsfc.nasa.gov/DONKI/view/IPS/17381/-1,"[{'displayName': 'STEREO A: IMPACT'}, {'displayName': 'STEREO A: PLASTIC'}]"
M2M_CATALOG,2021-07-25T06:22:00-IPS-001,Earth,2021-07-25T06:22Z,2021-07-25T19:56Z,1,https://webtools.ccmc.gsfc.nasa.gov/DONKI/view/IPS/17388/-1,"[{'displayName': 'DSCOVR: PLASMAG'}, {'displayName': 'ACE: SWEPAM'}, {'displayName': 'ACE: MAG'}]"
M2M_CATALOG,2021-07-25T18:50:00-IPS-001,Earth,2021-07-25T18:50Z,2021-07-26T12:13Z,1,https://webtools.ccmc.gsfc.nasa.gov/DONKI/view/IPS/17390/-1,"[{'displayName': 'DSCOVR: PLASMAG'}, {'displayName': 'ACE: SWEPAM'}, {'displayName': 'ACE: MAG'}]"
M2M_CATALOG,2021-07-27T16:57:00-IPS-001,Earth,2021-07-27T16:57Z,2021-07-28T12:39Z,1,https://webtools.ccmc.gsfc.nasa.gov/DONKI/view/IPS/17408/-1,"[{'displayName': 'DSCOVR: PLASMAG'}, {'displayName': 'ACE: SWEPAM'}, {'displayName': 'ACE: MAG'}]"
M2M_CATALOG,2021-08-02T09:03:00-IPS-001,Earth,2021-08-02T09:03Z,2021-08-02T14:30Z,1,https://webtools.ccmc.gsfc.nasa.gov/DONKI/view/IPS/17438/-1,[{'displayName': 'DSCOVR: PLASMAG'}]
M2M_CATALOG,2021-08-05T12:58:00-IPS-001,STEREO A,2021-08-05T12:58Z,2021-08-05T17:07Z,1,https://webtools.ccmc.gsfc.nasa.gov/DONKI/view/IPS/17465/-1,"[{'displayName': 'STEREO A: IMPACT'}, {'displayName': 'STEREO A: PLASTIC'}]"
M2M_CATALOG,2021-08-06T03:08:00-IPS-001,Earth,2021-08-06T03:08Z,2021-08-10T15:57Z,11,https://webtools.ccmc.gsfc.nasa.gov/DONKI/view/IPS/17473/-1,"[{'displayName': 'DSCOVR: PLASMAG'}, {'displayName': 'ACE: MAG'}]"
M2M_CATALOG,2021-08-13T07:16:00-IPS-001,Earth,2021-08-13T07:16Z,2021-08-14T13:10Z,1,https://webtools.ccmc.gsfc.nasa.gov/DONKI/view/IPS/17501/-1,"[{'displayName': 'DSCOVR: PLASMAG'}, {'displayName': 'ACE: SWEPAM'}, {'displayName': 'ACE: MAG'}]"
M2M_CATALOG,2021-08-14T21:16:00-IPS-001,Earth,2021-08-14T21:16Z,2021-08-15T13:59Z,1,https://webtools.ccmc.gsfc.nasa.gov/DONKI/view/IPS/17515/-1,"[{'displayName': 'DSCOVR: PLASMAG'}, {'displayName': 'ACE: SWEPAM'}, {'displayName': 'ACE: MAG'}]"
M2M_CATALOG,2021-08-27T00:25:00-IPS-001,Earth,2021-08-27T00:25Z,2021-08-27T10:45Z,1,https://webtools.ccmc.gsfc.nasa.gov/DONKI/view/IPS/17588/-1,"[{'displayName': 'DSCOVR: PLASMAG'}, {'displayName': 'ACE: SWEPAM'}, {'displayName': 'ACE: MAG'}]"
M2M_CATALOG,2021-08-27T11:42:00-IPS-001,Earth,2021-08-27T11:42Z,2021-08-27T17:33Z,1,https://webtools.ccmc.gsfc.nasa.gov/DONKI/view/IPS/17590/-1,"[{'displayName': 'DSCOVR: PLASMAG'}, {'displayName': 'ACE: MAG'}]"
M2M_CATALOG,2021-08-30T11:00:00-IPS-001,STEREO A,2021-08-30T11:00Z,2021-08-30T16:28Z,1,https://webtools.ccmc.gsfc.nasa.gov/DONKI/view/IPS/17623/-1,"[{'displayName': 'STEREO A: IMPACT'}, {'displayName': 'STEREO A: PLASTIC'}]"
M2M_CATALOG,2021-08-30T16:09:00-IPS-001,STEREO A,2021-08-30T16:09Z,2021-08-31T17:11Z,1,https://webtools.ccmc.gsfc.nasa.gov/DONKI/view/IPS/17640/-1,"[{'displayName': 'STEREO A: IMPACT'}, {'displayName': 'STEREO A: PLASTIC'}]"
M2M_CATALOG,2021-09-03T06:19:00-IPS-001,Earth,2021-09-03T06:19Z,2021-09-03T17:15Z,1,https://webtools.ccmc.gsfc.nasa.gov/DONKI/view/IPS/17656/-1,"[{'displayName': 'DSCOVR: PLASMAG'}, {'displayName': 'ACE: SWEPAM'}, {'displayName': 'ACE: MAG'}]"
M2M_CATALOG,2021-09-10T01:32:00-IPS-001,Earth,2021-09-10T01:32Z,2021-09-10T18:55Z,1,https://webtools.ccmc.gsfc.nasa.gov/DONKI/view/IPS/17702/-1,"[{'displayName': 'DSCOVR: PLASMAG'}, {'displayName': 'ACE: SWEPAM'}, {'displayName': 'ACE: MAG'}]"
M2M_CATALOG,2021-09-17T01:29:00-IPS-001,Earth,2021-09-17T01:29Z,2021-09-21T14:53Z,6,https://webtools.ccmc.gsfc.nasa.gov/DONKI/view/IPS/17762/-1,"[{'displayName': 'DSCOVR: PLASMAG'}, {'displayName': 'ACE: SWEPAM'}, {'displayName': 'ACE: MAG'}]"
M2M_CATALOG,2021-09-17T16:40:00-IPS-001,STEREO A,2021-09-17T16:40Z,2021-09-18T16:01Z,1,https://webtools.ccmc.gsfc.nasa.gov/DONKI/view/IPS/17770/-1,"[{'displayName': 'STEREO A: IMPACT'}, {'displayName': 'STEREO A: PLASTIC'}]"
M2M_CATALOG,2021-09-18T08:01:00-IPS-001,Earth,2021-09-18T08:01Z,2021-09-18T15:16Z,1,https://webtools.ccmc.gsfc.nasa.gov/DONKI/view/IPS/17769/-1,"[{'displayName': 'DSCOVR: PLASMAG'}, {'displayName': 'ACE: SWEPAM'}, {'displayName': 'ACE: MAG'}]"
M2M_CATALOG,2021-09-21T23:03:00-IPS-001,Earth,2021-09-21T23:03Z,2021-09-22T22:33Z,2,https://webtools.ccmc.gsfc.nasa.gov/DONKI/view/IPS/17798/-1,"[{'displayName': 'DSCOVR: PLASMAG'}, {'displayName': 'ACE: SWEPAM'}, {'displayName': 'ACE: MAG'}]"
M2M_CATALOG,2021-09-26T23:03:00-IPS-001,Earth,2021-09-26T23:03Z,2021-09-27T17:53Z,1,https://webtools.ccmc.gsfc.nasa.gov/DONKI/view/IPS/17836/-1,"[{'displayName': 'DSCOVR: PLASMAG'}, {'displayName': 'ACE: SWEPAM'}, {'displayName': 'ACE: MAG'}]"
M2M_CATALOG,2021-09-27T08:00:00-IPS-001,STEREO A,2021-09-27T08:00Z,2021-09-29T18:18Z,3,https://webtools.ccmc.gsfc.nasa.gov/DONKI/view/IPS/17837/-1,"[{'displayName': 'STEREO A: IMPACT'}, {'displayName': 'STEREO A: PLASTIC'}]"
M2M_CATALOG,2021-09-27T15:24:00-IPS-001,Earth,2021-09-27T15:24Z,2021-09-29T18:26Z,1,https://webtools.ccmc.gsfc.nasa.gov/DONKI/view/IPS/17860/-1,"[{'displayName': 'DSCOVR: PLASMAG'}, {'displayName': 'ACE: SWEPAM'}, {'displayName': 'ACE: MAG'}]"
M2M_CATALOG,2021-09-30T18:00:00-IPS-001,Earth,2021-09-30T18:00Z,2021-10-08T16:58Z,4,https://webtools.ccmc.gsfc.nasa.gov/DONKI/view/IPS/17867/-1,"[{'displayName': 'DSCOVR: PLASMAG'}, {'displayName': 'ACE: SWEPAM'}, {'displayName': 'ACE: MAG'}]"
M2M_CATALOG,2021-10-06T10:26:00-IPS-001,Earth,2021-10-06T10:26Z,2021-10-06T21:02Z,5,https://webtools.ccmc.gsfc.nasa.gov/DONKI/view/IPS/17898/-1,"[{'displayName': 'DSCOVR: PLASMAG'}, {'displayName': 'ACE: SWEPAM'}, {'displayName': 'ACE: MAG'}]"
M2M_CATALOG,2021-10-10T12:01:00-IPS-001,Earth,2021-10-10T12:01Z,2021-10-10T19:29Z,4,https://webtools.ccmc.gsfc.nasa.gov/DONKI/view/IPS/17932/-1,"[{'displayName': 'DSCOVR: PLASMAG'}, {'displayName': 'ACE: SWEPAM'}, {'displayName': 'ACE: MAG'}]"
M2M_CATALOG,2021-10-12T01:46:00-IPS-001,Earth,2021-10-12T01:46Z,2021-10-12T12:20Z,1,https://webtools.ccmc.gsfc.nasa.gov/DONKI/view/IPS/17942/-1,"[{'displayName': 'DSCOVR: PLASMAG'}, {'displayName': 'ACE: SWEPAM'}, {'displayName': 'ACE: MAG'}]"
M2M_CATALOG,2021-10-12T12:30:00-IPS-001,STEREO A,2021-10-12T12:30Z,2021-10-12T16:36Z,1,https://webtools.ccmc.gsfc.nasa.gov/DONKI/view/IPS/17946/-1,"[{'displayName': 'STEREO A: IMPACT'}, {'displayName': 'STEREO A: PLASTIC'}]"
M2M_CATALOG,2021-10-14T04:00:00-IPS-001,STEREO A,2021-10-14T04:00Z,2021-10-18T19:03Z,1,https://webtools.ccmc.gsfc.nasa.gov/DONKI/view/IPS/18010/-1,"[{'displayName': 'STEREO A: IMPACT'}, {'displayName': 'STEREO A: PLASTIC'}]"
M2M_CATALOG,2021-10-14T20:00:00-IPS-001,Earth,2021-10-14T20:00Z,2021-10-16T12:22Z,1,https://webtools.ccmc.gsfc.nasa.gov/DONKI/view/IPS/17974/-1,"[{'displayName': 'DSCOVR: PLASMAG'}, {'displayName': 'ACE: SWEPAM'}, {'displayName': 'ACE: MAG'}]"
M2M_CATALOG,2021-10-16T00:09:00-IPS-001,Earth,2021-10-16T00:09Z,2021-10-16T12:13Z,2,https://webtools.ccmc.gsfc.nasa.gov/DONKI/view/IPS/17973/-1,"[{'displayName': 'DSCOVR: PLASMAG'}, {'displayName': 'ACE: SWEPAM'}, {'displayName': 'ACE: MAG'}]"
M2M_CATALOG,2021-10-17T19:30:00-IPS-001,Earth,2021-10-17T19:30Z,2021-10-18T19:56Z,2,https://webtools.ccmc.gsfc.nasa.gov/DONKI/view/IPS/18007/-1,"[{'displayName': 'DSCOVR: PLASMAG'}, {'displayName': 'ACE: SWEPAM'}, {'displayName': 'ACE: MAG'}]"
M2M_CATALOG,2021-10-18T07:53:00-IPS-001,STEREO A,2021-10-18T07:53Z,2021-10-18T19:57Z,3,https://webtools.ccmc.gsfc.nasa.gov/DONKI/view/IPS/18005/-1,"[{'displayName': 'STEREO A: IMPACT'}, {'displayName': 'STEREO A: PLASTIC'}]"
M2M_CATALOG,2021-10-18T18:27:00-IPS-001,Earth,2021-10-18T18:27Z,2021-10-18T19:24Z,1,https://webtools.ccmc.gsfc.nasa.gov/DONKI/view/IPS/18013/-1,"[{'displayName': 'DSCOVR: PLASMAG'}, {'displayName': 'ACE: SWEPAM'}, {'displayName': 'ACE: MAG'}]"
M2M_CATALOG,2021-10-20T20:35:00-IPS-001,Earth,2021-10-20T20:35Z,2021-10-21T12:41Z,1,https://webtools.ccmc.gsfc.nasa.gov/DONKI/view/IPS/18025/-1,"[{'displayName': 'DSCOVR: PLASMAG'}, {'displayName': 'ACE: SWEPAM'}, {'displayName': 'ACE: MAG'}]"
M2M_CATALOG,2021-10-30T12:00:00-IPS-001,STEREO A,2021-10-30T12:00Z,2021-11-01T17:43Z,3,https://webtools.ccmc.gsfc.nasa.gov/DONKI/view/IPS/18129/-1,[{'displayName': 'STEREO A: IMPACT'}]
M2M_CATALOG,2021-10-30T16:25:00-IPS-001,Earth,2021-10-30T16:25Z,2023-03-02T20:44Z,8,https://webtools.ccmc.gsfc.nasa.gov/DONKI/view/IPS/18134/-1,"[{'displayName': 'DSCOVR: PLASMAG'}, {'displayName': 'ACE: SWEPAM'}, {'displayName': 'ACE: MAG'}]"
M2M_CATALOG,2021-10-31T09:13:00-IPS-001,Earth,2021-10-31T09:13Z,2021-11-03T15:24Z,3,https://webtools.ccmc.gsfc.nasa.gov/DONKI/view/IPS/18136/-1,"[{'displayName': 'DSCOVR: PLASMAG'}, {'displayName': 'ACE: SWEPAM'}, {'displayName': 'ACE: MAG'}]"
M2M_CATALOG,2021-10-31T10:00:00-IPS-001,STEREO A,2021-10-31T10:00Z,2021-11-01T21:44Z,1,https://webtools.ccmc.gsfc.nasa.gov/DONKI/view/IPS/18152/-1,[{'displayName': 'STEREO A: IMPACT'}]
M2M_CATALOG,2021-11-01T17:54:00-IPS-001,Earth,2021-11-01T17:54Z,2021-11-01T18:40Z,1,https://webtools.ccmc.gsfc.nasa.gov/DONKI/view/IPS/18151/-1,"[{'displayName': 'DSCOVR: PLASMAG'}, {'displayName': 'ACE: SWEPAM'}, {'displayName': 'ACE: MAG'}]"
M2M_CATALOG,2021-11-03T09:45:00-IPS-001,STEREO A,2021-11-03T09:45Z,2021-11-04T16:27Z,1,https://webtools.ccmc.gsfc.nasa.gov/DONKI/view/IPS/18212/-1,[{'displayName': 'STEREO A: IMPACT'}]
M2M_CATALOG,2021-11-03T19:23:00-IPS-001,Earth,2021-11-03T19:23Z,2021-11-04T18:32Z,4,https://webtools.ccmc.gsfc.nasa.gov/DONKI/view/IPS/18189/-1,"[{'displayName': 'DSCOVR: PLASMAG'}, {'displayName': 'ACE: SWEPAM'}, {'displayName': 'ACE: MAG'}]"
M2M_CATALOG,2021-11-04T04:10:00-IPS-001,STEREO A,2021-11-04T04:10Z,2021-11-04T12:59Z,1,https://webtools.ccmc.gsfc.nasa.gov/DONKI/view/IPS/18207/-1,"[{'displayName': 'STEREO A: IMPACT'}, {'displayName': 'STEREO A: PLASTIC'}]"
M2M_CATALOG,2021-11-05T07:22:00-IPS-001,STEREO A,2021-11-05T07:22Z,2021-11-05T12:59Z,1,https://webtools.ccmc.gsfc.nasa.gov/DONKI/view/IPS/18227/-1,"[{'displayName': 'STEREO A: IMPACT'}, {'displayName': 'STEREO A: PLASTIC'}]"
M2M_CATALOG,2021-11-06T03:22:00-IPS-001,STEREO A,2021-11-06T03:22Z,2021-11-08T17:12Z,1,https://webtools.ccmc.gsfc.nasa.gov/DONKI/view/IPS/18256/-1,"[{'displayName': 'STEREO A: IMPACT'}, {'displayName': 'STEREO A: PLASTIC'}]"
M2M_CATALOG,2021-11-08T08:09:00-IPS-001,STEREO A,2021-11-08T08:09Z,2021-11-08T17:20Z,1,https://webtools.ccmc.gsfc.nasa.gov/DONKI/view/IPS/18258/-1,"[{'displayName': 'STEREO A: IMPACT'}, {'displayName': 'STEREO A: PLASTIC'}]"
M2M_CATALOG,2021-11-13T12:00:00-IPS-001,STEREO A,2021-11-13T12:00Z,2021-11-14T16:59Z,2,https://webtools.ccmc.gsfc.nasa.gov/DONKI/view/IPS/18299/-1,[{'displayName': 'STEREO A: IMPACT'}]
M2M_CATALOG,2021-11-15T17:30:00-IPS-001,Earth,2021-11-15T17:30Z,2021-11-16T12:39Z,4,https://webtools.ccmc.gsfc.nasa.gov/DONKI/view/IPS/18305/-1,"[{'displayName': 'DSCOVR: PLASMAG'}, {'displayName': 'ACE: SWEPAM'}, {'displayName': 'ACE: MAG'}]"
M2M_CATALOG,2021-11-27T21:50:00-IPS-001,Earth,2021-11-27T21:50Z,2021-11-28T13:40Z,2,https://webtools.ccmc.gsfc.nasa.gov/DONKI/view/IPS/18387/-1,"[{'displayName': 'DSCOVR: PLASMAG'}, {'displayName': 'ACE: SWEPAM'}, {'displayName': 'ACE: MAG'}]"
M2M_CATALOG,2021-11-28T17:14:00-IPS-001,STEREO A,2021-11-28T17:14Z,2021-12-01T13:21Z,3,https://webtools.ccmc.gsfc.nasa.gov/DONKI/view/IPS/18395/-1,"[{'displayName': 'STEREO A: IMPACT'}, {'displayName': 'STEREO A: PLASTIC'}]"
M2M_CATALOG,2021-11-29T02:45:00-IPS-001,STEREO A,2021-11-29T02:45Z,2021-11-30T20:52Z,1,https://webtools.ccmc.gsfc.nasa.gov/DONKI/view/IPS/18400/-1,"[{'displayName': 'STEREO A: IMPACT'}, {'displayName': 'STEREO A: PLASTIC'}]"
M2M_CATALOG,2021-11-30T13:45:00-IPS-001,Earth,2021-11-30T13:45Z,2021-11-30T20:13Z,1,https://webtools.ccmc.gsfc.nasa.gov/DONKI/view/IPS/18398/-1,"[{'displayName': 'DSCOVR: PLASMAG'}, {'displayName': 'ACE: SWEPAM'}, {'displayName': 'ACE: MAG'}]"
M2M_CATALOG,2021-12-03T09:03:00-IPS-001,Earth,2021-12-03T09:03Z,2021-12-04T13:57Z,1,https://webtools.ccmc.gsfc.nasa.gov/DONKI/view/IPS/18427/-1,[{'displayName': 'DSCOVR: PLASMAG'}]
M2M_CATALOG,2021-12-04T11:51:00-IPS-001,Earth,2021-12-04T11:51Z,2021-12-13T18:12Z,1,https://webtools.ccmc.gsfc.nasa.gov/DONKI/view/IPS/18521/-1,"[{'displayName': 'DSCOVR: PLASMAG'}, {'displayName': 'ACE: SWEPAM'}, {'displayName': 'ACE: MAG'}]"
M2M_CATALOG,2021-12-10T11:00:00-IPS-001,STEREO A,2021-12-10T11:00Z,2021-12-15T20:47Z,2,https://webtools.ccmc.gsfc.nasa.gov/DONKI/view/IPS/18516/-1,"[{'displayName': 'STEREO A: IMPACT'}, {'displayName': 'STEREO A: PLASTIC'}]"
M2M_CATALOG,2021-12-10T13:27:00-IPS-001,Earth,2021-12-10T13:27Z,2021-12-15T20:56Z,3,https://webtools.ccmc.gsfc.nasa.gov/DONKI/view/IPS/18518/-1,"[{'displayName': 'DSCOVR: PLASMAG'}, {'displayName': 'ACE: SWEPAM'}, {'displayName': 'ACE: MAG'}]"
M2M_CATALOG,2021-12-15T03:20:00-IPS-001,Earth,2021-12-15T03:20Z,2021-12-15T13:49Z,1,https://webtools.ccmc.gsfc.nasa.gov/DONKI/view/IPS/18531/-1,[{'displayName': 'DSCOVR: PLASMAG'}]
M2M_CATALOG,2021-12-19T12:08:00-IPS-001,Earth,2021-12-19T12:08Z,2021-12-19T18:00Z,2,https://webtools.ccmc.gsfc.nasa.gov/DONKI/view/IPS/18572/-1,"[{'displayName': 'DSCOVR: PLASMAG'}, {'displayName': 'ACE: SWEPAM'}, {'displayName': 'ACE: MAG'}]"
M2M_CATALOG,2021-12-19T18:28:00-IPS-001,Earth,2021-12-19T18:28Z,2021-12-24T18:13Z,1,https://webtools.ccmc.gsfc.nasa.gov/DONKI/view/IPS/18635/-1,"[{'displayName': 'DSCOVR: PLASMAG'}, {'displayName': 'ACE: SWEPAM'}, {'displayName': 'ACE: MAG'}]"
M2M_CATALOG,2021-12-27T08:38:00-IPS-001,Earth,2021-12-27T08:38Z,2021-12-29T17:27Z,3,https://webtools.ccmc.gsfc.nasa.gov/DONKI/view/IPS/18661/-1,"[{'displayName': 'DSCOVR: PLASMAG'}, {'displayName': 'ACE: SWEPAM'}, {'displayName': 'ACE: MAG'}]"
M2M_CATALOG,2021-12-29T19:31:00-IPS-001,Earth,2021-12-29T19:31Z,2021-12-30T14:21Z,3,https://webtools.ccmc.gsfc.nasa.gov/DONKI/view/IPS/18691/-1,"[{'displayName': 'DSCOVR: PLASMAG'}, {'displayName': 'ACE: SWEPAM'}, {'displayName': 'ACE: MAG'}]"
M2M_CATALOG,2022-01-07T02:24:00-IPS-001,STEREO A,2022-01-07T02:24Z,2022-01-07T14:39Z,1,https://webtools.ccmc.gsfc.nasa.gov/DONKI/view/IPS/18751/-1,"[{'displayName': 'STEREO A: IMPACT'}, {'displayName': 'STEREO A: PLASTIC'}]"
M2M_CATALOG,2022-01-08T16:58:00-IPS-001,Earth,2022-01-08T16:58Z,2022-01-08T18:20Z,2,https://webtools.ccmc.gsfc.nasa.gov/DONKI/view/IPS/18761/-1,"[{'displayName': 'DSCOVR: PLASMAG'}, {'displayName': 'ACE: SWEPAM'}, {'displayName': 'ACE: MAG'}]"
M2M_CATALOG,2022-01-14T06:50:00-IPS-001,Earth,2022-01-14T06:50Z,2022-01-17T20:55Z,2,https://webtools.ccmc.gsfc.nasa.gov/DONKI/view/IPS/18838/-1,"[{'displayName': 'DSCOVR: PLASMAG'}, {'displayName': 'ACE: SWEPAM'}, {'displayName': 'ACE: MAG'}]"
M2M_CATALOG,2022-01-18T23:04:00-IPS-001,Earth,2022-01-18T23:04Z,2022-01-19T11:47Z,2,https://webtools.ccmc.gsfc.nasa.gov/DONKI/view/IPS/18886/-1,"[{'displayName': 'DSCOVR: PLASMAG'}, {'displayName': 'ACE: SWEPAM'}, {'displayName': 'ACE: MAG'}]"
M2M_CATALOG,2022-01-21T12:55:00-IPS-001,Earth,2022-01-21T12:55Z,2022-01-22T14:31Z,1,https://webtools.ccmc.gsfc.nasa.gov/DONKI/view/IPS/18939/-1,"[{'displayName': 'DSCOVR: PLASMAG'}, {'displayName': 'ACE: SWEPAM'}, {'displayName': 'ACE: MAG'}]"
M2M_CATALOG,2022-01-22T14:03:00-IPS-001,STEREO A,2022-01-22T14:03Z,2022-01-22T17:59Z,1,https://webtools.ccmc.gsfc.nasa.gov/DONKI/view/IPS/18945/-1,"[{'displayName': 'STEREO A: IMPACT'}, {'displayName': 'STEREO A: PLASTIC'}]"
M2M_CATALOG,2022-01-23T11:20:00-IPS-001,STEREO A,2022-01-23T11:20Z,2022-01-23T17:40Z,1,https://webtools.ccmc.gsfc.nasa.gov/DONKI/view/IPS/18953/-1,[{'displayName': 'STEREO A: IMPACT'}]
M2M_CATALOG,2022-01-24T17:09:00-IPS-001,Earth,2022-01-24T17:09Z,2022-01-24T20:24Z,1,https://webtools.ccmc.gsfc.nasa.gov/DONKI/view/IPS/18966/-1,"[{'displayName': 'DSCOVR: PLASMAG'}, {'displayName': 'ACE: SWEPAM'}, {'displayName': 'ACE: MAG'}]"
M2M_CATALOG,2022-02-01T21:37:00-IPS-001,Earth,2022-02-01T21:37Z,2022-02-07T17:27Z,3,https://webtools.ccmc.gsfc.nasa.gov/DONKI/view/IPS/19031/-1,"[{'displayName': 'DSCOVR: PLASMAG'}, {'displayName': 'ACE: SWEPAM'}, {'displayName': 'ACE: MAG'}]"
M2M_CATALOG,2022-02-01T22:00:00-IPS-001,STEREO A,2022-02-01T22:00Z,2022-02-02T12:46Z,1,https://webtools.ccmc.gsfc.nasa.gov/DONKI/view/IPS/19033/-1,"[{'displayName': 'STEREO A: IMPACT'}, {'displayName': 'STEREO A: PLASTIC'}]"
M2M_CATALOG,2022-02-02T11:09:00-IPS-001,STEREO A,2022-02-02T11:09Z,2022-02-02T16:37Z,1,https://webtools.ccmc.gsfc.nasa.gov/DONKI/view/IPS/19045/-1,"[{'displayName': 'STEREO A: IMPACT'}, {'displayName': 'STEREO A: PLASTIC'}]"
M2M_CATALOG,2022-02-03T23:22:00-IPS-001,Earth,2022-02-03T23:22Z,2022-02-04T20:32Z,2,https://webtools.ccmc.gsfc.nasa.gov/DONKI/view/IPS/19066/-1,"[{'displayName': 'DSCOVR: PLASMAG'}, {'displayName': 'ACE: SWEPAM'}, {'displayName': 'ACE: MAG'}]"
M2M_CATALOG,2022-02-09T20:10:00-IPS-001,Earth,2022-02-09T20:10Z,2022-02-10T13:23Z,1,https://webtools.ccmc.gsfc.nasa.gov/DONKI/view/IPS/19131/-1,[{'displayName': 'DSCOVR: PLASMAG'}]
M2M_CATALOG,2022-02-17T12:01:00-IPS-001,STEREO A,2022-02-17T12:01Z,2022-02-17T17:49Z,1,https://webtools.ccmc.gsfc.nasa.gov/DONKI/view/IPS/19210/-1,"[{'displayName': 'STEREO A: IMPACT'}, {'displayName': 'STEREO A: PLASTIC'}]"
M2M_CATALOG,2022-02-19T02:17:00-IPS-001,Earth,2022-02-19T02:17Z,2022-02-20T15:09Z,1,https://webtools.ccmc.gsfc.nasa.gov/DONKI/view/IPS/19251/-1,[{'displayName': 'DSCOVR: PLASMAG'}]
M2M_CATALOG,2022-02-22T10:00:00-IPS-001,STEREO A,2022-02-22T10:00Z,2022-02-23T17:25Z,3,https://webtools.ccmc.gsfc.nasa.gov/DONKI/view/IPS/19274/-1,[{'displayName': 'STEREO A: IMPACT'}]
M2M_CATALOG,2022-02-22T18:00:00-IPS-001,STEREO A,2022-02-22T18:00Z,2022-02-23T18:29Z,3,https://webtools.ccmc.gsfc.nasa.gov/DONKI/view/IPS/19275/-1,"[{'displayName': 'STEREO A: IMPACT'}, {'displayName': 'STEREO A: PLASTIC'}]"
M2M_CATALOG,2022-02-27T03:30:00-IPS-001,Earth,2022-02-27T03:30Z,2022-02-27T14:21Z,1,https://webtools.ccmc.gsfc.nasa.gov/DONKI/view/IPS/19290/-1,"[{'displayName': 'DSCOVR: PLASMAG'}, {'displayName': 'ACE: SWEPAM'}, {'displayName': 'ACE: MAG'}]"
M2M_CATALOG,2022-03-05T05:44:00-IPS-001,Earth,2022-03-05T05:44Z,2022-03-05T14:15Z,2,https://webtools.ccmc.gsfc.nasa.gov/DONKI/view/IPS/19340/-1,[{'displayName': 'DSCOVR: PLASMAG'}]
M2M_CATALOG,2022-03-10T18:37:00-IPS-001,Earth,2022-03-10T18:37Z,2022-03-10T19:58Z,2,https://webtools.ccmc.gsfc.nasa.gov/DONKI/view/IPS/19395/-1,"[{'displayName': 'DSCOVR: PLASMAG'}, {'displayName': 'ACE: SWEPAM'}, {'displayName': 'ACE: MAG'}]"
M2M_CATALOG,2022-03-11T13:45:00-IPS-001,STEREO A,2022-03-11T13:45Z,2022-03-11T19:20Z,2,https://webtools.ccmc.gsfc.nasa.gov/DONKI/view/IPS/19415/-1,[{'displayName': 'STEREO A: IMPACT'}]
M2M_CATALOG,2022-03-12T22:23:00-IPS-001,STEREO A,2022-03-12T22:23Z,2022-03-16T15:46Z,1,https://webtools.ccmc.gsfc.nasa.gov/DONKI/view/IPS/19460/-1,"[{'displayName': 'STEREO A: IMPACT'}, {'displayName': 'STEREO A: PLASTIC'}]"
M2M_CATALOG,2022-03-13T06:35:00-IPS-001,STEREO A,2022-03-13T06:35Z,2022-03-14T19:38Z,2,https://webtools.ccmc.gsfc.nasa.gov/DONKI/view/IPS/19426/-1,"[{'displayName': 'STEREO A: IMPACT'}, {'displayName': 'STEREO A: PLASTIC'}]"
M2M_CATALOG,2022-03-13T10:11:00-IPS-001,Earth,2022-03-13T10:11Z,2022-03-14T16:14Z,2,https://webtools.ccmc.gsfc.nasa.gov/DONKI/view/IPS/19424/-1,"[{'displayName': 'DSCOVR: PLASMAG'}, {'displayName': 'ACE: SWEPAM'}, {'displayName': 'ACE: MAG'}]"
M2M_CATALOG,2022-03-19T20:57:00-IPS-001,Earth,2022-03-19T20:57Z,2022-03-20T11:56Z,1,https://webtools.ccmc.gsfc.nasa.gov/DONKI/view/IPS/19488/-1,"[{'displayName': 'DSCOVR: PLASMAG'}, {'displayName': 'ACE: SWEPAM'}, {'displayName': 'ACE: MAG'}]"
M2M_CATALOG,2022-03-19T22:00:00-IPS-001,STEREO A,2022-03-19T22:00Z,2022-03-20T12:01Z,1,https://webtools.ccmc.gsfc.nasa.gov/DONKI/view/IPS/19489/-1,"[{'displayName': 'STEREO A: IMPACT'}, {'displayName': 'STEREO A: PLASTIC'}]"
M2M_CATALOG,2022-03-20T20:39:00-IPS-001,STEREO A,2022-03-20T20:39Z,2022-03-21T17:12Z,1,https://webtools.ccmc.gsfc.nasa.gov/DONKI/view/IPS/19510/-1,"[{'displayName': 'STEREO A: IMPACT'}, {'displayName': 'STEREO A: PLASTIC'}]"
M2M_CATALOG,2022-03-24T00:23:00-IPS-001,STEREO A,2022-03-24T00:23Z,2022-03-24T17:56Z,1,https://webtools.ccmc.gsfc.nasa.gov/DONKI/view/IPS/19524/-1,"[{'displayName': 'STEREO A: IMPACT'}, {'displayName': 'STEREO A: PLASTIC'}]"
M2M_CATALOG,2022-03-27T00:22:00-IPS-001,Earth,2022-03-27T00:22Z,2022-03-27T13:06Z,6,https://webtools.ccmc.gsfc.nasa.gov/DONKI/view/IPS/19540/-1,[{'displayName': 'DSCOVR: PLASMAG'}]
M2M_CATALOG,2022-03-27T18:45:00-IPS-001,STEREO A,2022-03-27T18:45Z,2022-03-28T19:00Z,1,https://webtools.ccmc.gsfc.nasa.gov/DONKI/view/IPS/19570/-1,[{'displayName': 'STEREO A: IMPACT'}]
M2M_CATALOG,2022-03-31T01:41:00-IPS-001,Earth,2022-03-31T01:41Z,2022-04-01T00:16Z,2,https://webtools.ccmc.gsfc.nasa.gov/DONKI/view/IPS/19607/-1,"[{'displayName': 'DSCOVR: PLASMAG'}, {'displayName': 'ACE: SWEPAM'}, {'displayName': 'ACE: MAG'}]"
M2M_CATALOG,2022-04-02T00:33:00-IPS-001,Earth,2022-04-02T00:33Z,2022-04-02T14:11Z,1,https://webtools.ccmc.gsfc.nasa.gov/DONKI/view/IPS/19632/-1,"[{'displayName': 'DSCOVR: PLASMAG'}, {'displayName': 'ACE: SWEPAM'}, {'displayName': 'ACE: MAG'}]"
M2M_CATALOG,2022-04-06T22:45:00-IPS-001,Earth,2022-04-06T22:45Z,2022-04-07T13:28Z,2,https://webtools.ccmc.gsfc.nasa.gov/DONKI/view/IPS/19698/-1,"[{'displayName': 'DSCOVR: PLASMAG'}, {'displayName': 'ACE: SWEPAM'}, {'displayName': 'ACE: MAG'}]"
M2M_CATALOG,2022-04-08T01:15:00-IPS-001,STEREO A,2022-04-08T01:15Z,2022-04-11T16:24Z,1,https://webtools.ccmc.gsfc.nasa.gov/DONKI/view/IPS/19740/-1,"[{'displayName': 'STEREO A: IMPACT'}, {'displayName': 'STEREO A: PLASTIC'}]"
M2M_CATALOG,2022-04-08T03:39:00-IPS-001,Earth,2022-04-08T03:39Z,2022-04-09T16:33Z,2,https://webtools.ccmc.gsfc.nasa.gov/DONKI/view/IPS/19705/-1,"[{'displayName': 'DSCOVR: PLASMAG'}, {'displayName': 'ACE: SWEPAM'}, {'displayName': 'ACE: MAG'}]"
M2M_CATALOG,2022-04-08T22:00:00-IPS-001,Earth,2022-04-08T22:00Z,2022-04-17T00:37Z,2,https://webtools.ccmc.gsfc.nasa.gov/DONKI/view/IPS/19763/-1,"[{'displayName': 'DSCOVR: PLASMAG'}, {'displayName': 'ACE: SWEPAM'}, {'displayName': 'ACE: MAG'}]"
M2M_CATALOG,2022-04-09T12:46:00-IPS-001,Earth,2022-04-09T12:46Z,2022-04-17T00:41Z,3,https://webtools.ccmc.gsfc.nasa.gov/DONKI/view/IPS/19713/-1,"[{'displayName': 'DSCOVR: PLASMAG'}, {'displayName': 'ACE: SWEPAM'}, {'displayName': 'ACE: MAG'}]"
M2M_CATALOG,2022-04-12T06:00:00-IPS-001,STEREO A,2022-04-12T06:00Z,2022-04-13T16:12Z,1,https://webtools.ccmc.gsfc.nasa.gov/DONKI/view/IPS/19757/-1,"[{'displayName': 'STEREO A: IMPACT'}, {'displayName': 'STEREO A: PLASTIC'}]"
M2M_CATALOG,2022-04-13T01:54:00-IPS-001,Earth,2022-04-13T01:54Z,2022-04-13T11:55Z,1,https://webtools.ccmc.gsfc.nasa.gov/DONKI/view/IPS/19754/-1,"[{'displayName': 'DSCOVR: PLASMAG'}, {'displayName': 'ACE: SWEPAM'}, {'displayName': 'ACE: MAG'}]"
M2M_CATALOG,2022-04-14T03:37:00-IPS-001,Earth,2022-04-14T03:37Z,2022-04-14T12:18Z,1,https://webtools.ccmc.gsfc.nasa.gov/DONKI/view/IPS/19767/-1,"[{'displayName': 'DSCOVR: PLASMAG'}, {'displayName': 'ACE: SWEPAM'}, {'displayName': 'ACE: MAG'}]"
M2M_CATALOG,2022-04-15T03:15:00-IPS-001,Earth,2022-04-15T03:15Z,2022-04-15T19:24Z,1,https://webtools.ccmc.gsfc.nasa.gov/DONKI/view/IPS/19793/-1,"[{'displayName': 'DSCOVR: PLASMAG'}, {'displayName': 'ACE: SWEPAM'}, {'displayName': 'ACE: MAG'}]"
M2M_CATALOG,2022-04-19T14:00:00-IPS-001,STEREO A,2022-04-19T14:00Z,2022-04-21T15:24Z,2,https://webtools.ccmc.gsfc.nasa.gov/DONKI/view/IPS/19888/-1,"[{'displayName': 'STEREO A: IMPACT'}, {'displayName': 'STEREO A: PLASTIC'}]"
M2M_CATALOG,2022-04-20T15:32:00-IPS-001,Earth,2022-04-20T15:32Z,2022-04-21T12:14Z,2,https://webtools.ccmc.gsfc.nasa.gov/DONKI/view/IPS/19884/-1,"[{'displayName': 'DSCOVR: PLASMAG'}, {'displayName': 'ACE: SWEPAM'}, {'displayName': 'ACE: MAG'}]"
M2M_CATALOG,2022-04-26T05:00:00-IPS-001,STEREO A,2022-04-26T05:00Z,2022-04-30T18:43Z,2,https://webtools.ccmc.gsfc.nasa.gov/DONKI/view/IPS/20016/-1,"[{'displayName': 'STEREO A: IMPACT'}, {'displayName': 'STEREO A: PLASTIC'}]"
M2M_CATALOG,2022-04-27T02:50:00-IPS-001,Earth,2022-04-27T02:50Z,2022-04-28T15:01Z,3,https://webtools.ccmc.gsfc.nasa.gov/DONKI/view/IPS/19949/-1,"[{'displayName': 'DSCOVR: PLASMAG'}, {'displayName': 'ACE: SWEPAM'}, {'displayName': 'ACE: MAG'}]"
M2M_CATALOG,2022-04-29T23:27:00-IPS-001,Earth,2022-04-29T23:27Z,2022-04-30T13:42Z,2,https://webtools.ccmc.gsfc.nasa.gov/DONKI/view/IPS/19999/-1,"[{'displayName': 'DSCOVR: PLASMAG'}, {'displayName': 'ACE: SWEPAM'}, {'displayName': 'ACE: MAG'}]"
M2M_CATALOG,2022-05-08T04:34:00-IPS-001,STEREO A,2022-05-08T04:34Z,2022-05-08T14:58Z,1,https://webtools.ccmc.gsfc.nasa.gov/DONKI/view/IPS/20116/-1,"[{'displayName': 'STEREO A: IMPACT'}, {'displayName': 'STEREO A: PLASTIC'}]"
M2M_CATALOG,2022-05-08T06:24:00-IPS-001,Earth,2022-05-08T06:24Z,2022-05-08T14:49Z,1,https://webtools.ccmc.gsfc.nasa.gov/DONKI/view/IPS/20115/-1,"[{'displayName': 'DSCOVR: PLASMAG'}, {'displayName': 'ACE: SWEPAM'}, {'displayName': 'ACE: MAG'}]"
M2M_CATALOG,2022-05-10T12:36:00-IPS-001,Earth,2022-05-10T12:36Z,2022-06-09T17:56Z,4,https://webtools.ccmc.gsfc.nasa.gov/DONKI/view/IPS/20155/-1,[{'displayName': 'DSCOVR: PLASMAG'}]
M2M_CATALOG,2022-05-11T05:00:00-IPS-001,STEREO A,2022-05-11T05:00Z,2022-05-11T15:15Z,4,https://webtools.ccmc.gsfc.nasa.gov/DONKI/view/IPS/20154/-1,"[{'displayName': 'STEREO A: IMPACT'}, {'displayName': 'STEREO A: PLASTIC'}]"
M2M_CATALOG,2022-05-11T12:03:00-IPS-001,Earth,2022-05-11T12:03Z,2022-05-11T16:08Z,2,https://webtools.ccmc.gsfc.nasa.gov/DONKI/view/IPS/20157/-1,[{'displayName': 'DSCOVR: PLASMAG'}]
M2M_CATALOG,2022-05-11T15:00:00-IPS-001,STEREO A,2022-05-11T15:00Z,2022-05-12T12:59Z,1,https://webtools.ccmc.gsfc.nasa.gov/DONKI/view/IPS/20167/-1,"[{'displayName': 'STEREO A: IMPACT'}, {'displayName': 'STEREO A: PLASTIC'}]"
M2M_CATALOG,2022-05-12T20:00:00-IPS-001,STEREO A,2022-05-12T20:00Z,2022-05-13T12:37Z,1,https://webtools.ccmc.gsfc.nasa.gov/DONKI/view/IPS/20186/-1,[{'displayName': 'STEREO A: IMPACT'}]
M2M_CATALOG,2022-05-13T21:30:00-IPS-001,Earth,2022-05-13T21:30Z,2022-05-26T19:43Z,5,https://webtools.ccmc.gsfc.nasa.gov/DONKI/view/IPS/20202/-1,"[{'displayName': 'DSCOVR: PLASMAG'}, {'displayName': 'ACE: SWEPAM'}, {'displayName': 'ACE: MAG'}]"
M2M_CATALOG,2022-05-19T13:17:00-IPS-001,Earth,2022-05-19T13:17Z,2022-05-21T13:51Z,1,https://webtools.ccmc.gsfc.nasa.gov/DONKI/view/IPS/20280/-1,"[{'displayName': 'DSCOVR: PLASMAG'}, {'displayName': 'ACE: SWEPAM'}, {'displayName': 'ACE: MAG'}]"
M2M_CATALOG,2022-05-24T07:28:00-IPS-001,STEREO A,2022-05-24T07:28Z,2022-05-24T16:42Z,1,https://webtools.ccmc.gsfc.nasa.gov/DONKI/view/IPS/20318/-1,"[{'displayName': 'STEREO A: IMPACT'}, {'displayName': 'STEREO A: PLASTIC'}]"
M2M_CATALOG,2022-05-25T02:00:00-IPS-001,STEREO A,2022-05-25T02:00Z,2022-05-25T21:27Z,1,https://webtools.ccmc.gsfc.nasa.gov/DONKI/view/IPS/20344/-1,"[{'displayName': 'STEREO A: IMPACT'}, {'displayName': 'STEREO A: PLASTIC'}]"
M2M_CATALOG,2022-05-27T09:58:00-IPS-001,Earth,2022-05-27T09:58Z,2022-05-27T12:11Z,1,https://webtools.ccmc.gsfc.nasa.gov/DONKI/view/IPS/20351/-1,"[{'displayName': 'DSCOVR: PLASMAG'}, {'displayName': 'ACE: SWEPAM'}, {'displayName': 'ACE: MAG'}]"
M2M_CATALOG,2022-06-06T09:20:00-IPS-001,Earth,2022-06-06T09:20Z,2022-06-08T21:55Z,3,https://webtools.ccmc.gsfc.nasa.gov/DONKI/view/IPS/20427/-1,"[{'displayName': 'DSCOVR: PLASMAG'}, {'displayName': 'ACE: SWEPAM'}, {'displayName': 'ACE: MAG'}]"
M2M_CATALOG,2022-06-06T16:30:00-IPS-001,STEREO A,2022-06-06T16:30Z,2022-06-09T13:13Z,1,https://webtools.ccmc.gsfc.nasa.gov/DONKI/view/IPS/20454/-1,"[{'displayName': 'STEREO A: IMPACT'}, {'displayName': 'STEREO A: PLASTIC'}]"
M2M_CATALOG,2022-06-09T21:55:00-IPS-001,STEREO A,2022-06-09T21:55Z,2022-06-11T13:22Z,3,https://webtools.ccmc.gsfc.nasa.gov/DONKI/view/IPS/20464/-1,"[{'displayName': 'STEREO A: IMPACT'}, {'displayName': 'STEREO A: PLASTIC'}]"
M2M_CATALOG,2022-06-12T03:37:00-IPS-001,Earth,2022-06-12T03:37Z,2022-06-14T13:32Z,4,https://webtools.ccmc.gsfc.nasa.gov/DONKI/view/IPS/20471/-1,"[{'displayName': 'DSCOVR: PLASMAG'}, {'displayName': 'ACE: SWEPAM'}, {'displayName': 'ACE: MAG'}]"
M2M_CATALOG,2022-06-14T17:44:00-IPS-001,STEREO A,2022-06-14T17:44Z,2022-06-15T15:20Z,2,https://webtools.ccmc.gsfc.nasa.gov/DONKI/view/IPS/20507/-1,"[{'displayName': 'STEREO A: IMPACT'}, {'displayName': 'STEREO A: PLASTIC'}]"
M2M_CATALOG,2022-06-15T04:01:00-IPS-001,Earth,2022-06-15T04:01Z,2022-06-15T15:22Z,2,https://webtools.ccmc.gsfc.nasa.gov/DONKI/view/IPS/20511/-1,"[{'displayName': 'DSCOVR: PLASMAG'}, {'displayName': 'ACE: SWEPAM'}, {'displayName': 'ACE: MAG'}]"
M2M_CATALOG,2022-06-18T11:24:00-IPS-001,STEREO A,2022-06-18T11:24Z,2022-06-18T19:08Z,1,https://webtools.ccmc.gsfc.nasa.gov/DONKI/view/IPS/20549/-1,"[{'displayName': 'STEREO A: IMPACT'}, {'displayName': 'STEREO A: PLASTIC'}]"
M2M_CATALOG,2022-06-20T07:15:00-IPS-001,Earth,2022-06-20T07:15Z,2022-06-20T13:43Z,1,https://webtools.ccmc.gsfc.nasa.gov/DONKI/view/IPS/20562/-1,"[{'displayName': 'DSCOVR: PLASMAG'}, {'displayName': 'ACE: SWEPAM'}, {'displayName': 'ACE: MAG'}]"
M2M_CATALOG,2022-06-23T05:46:00-IPS-001,STEREO A,2022-06-23T05:46Z,2022-06-23T12:15Z,1,https://webtools.ccmc.gsfc.nasa.gov/DONKI/view/IPS/20590/-1,[{'displayName': 'STEREO A: IMPACT'}]
M2M_CATALOG,2022-06-23T18:57:00-IPS-001,Earth,2022-06-23T18:57Z,2022-06-26T16:03Z,3,https://webtools.ccmc.gsfc.nasa.gov/DONKI/view/IPS/20602/-1,"[{'displayName': 'DSCOVR: PLASMAG'}, {'displayName': 'ACE: SWEPAM'}, {'displayName': 'ACE: MAG'}]"
M2M_CATALOG,2022-06-25T08:30:00-IPS-001,Earth,2022-06-25T08:30Z,2022-06-25T12:51Z,2,https://webtools.ccmc.gsfc.nasa.gov/DONKI/view/IPS/20604/-1,"[{'displayName': 'DSCOVR: PLASMAG'}, {'displayName': 'ACE: SWEPAM'}, {'displayName': 'ACE: MAG'}]"
M2M_CATALOG,2022-06-30T10:12:00-IPS-001,STEREO A,2022-06-30T10:12Z,2022-06-30T16:44Z,2,https://webtools.ccmc.gsfc.nasa.gov/DONKI/view/IPS/20679/-1,"[{'displayName': 'STEREO A: IMPACT'}, {'displayName': 'STEREO A: PLASTIC'}]"
M2M_CATALOG,2022-07-01T09:05:00-IPS-001,Earth,2022-07-01T09:05Z,2022-07-06T15:21Z,2,https://webtools.ccmc.gsfc.nasa.gov/DONKI/view/IPS/20686/-1,"[{'displayName': 'DSCOVR: PLASMAG'}, {'displayName': 'ACE: SWEPAM'}, {'displayName': 'ACE: MAG'}]"
M2M_CATALOG,2022-07-02T02:30:00-IPS-001,STEREO A,2022-07-02T02:30Z,2022-07-05T12:14Z,2,https://webtools.ccmc.gsfc.nasa.gov/DONKI/view/IPS/20695/-1,"[{'displayName': 'STEREO A: IMPACT'}, {'displayName': 'STEREO A: PLASTIC'}]"
M2M_CATALOG,2022-07-03T07:01:00-IPS-001,Earth,2022-07-03T07:01Z,2022-07-06T15:51Z,5,https://webtools.ccmc.gsfc.nasa.gov/DONKI/view/IPS/20693/-1,"[{'displayName': 'DSCOVR: PLASMAG'}, {'displayName': 'ACE: SWEPAM'}, {'displayName': 'ACE: MAG'}]"
M2M_CATALOG,2022-07-07T08:08:00-IPS-001,Earth,2022-07-07T08:08Z,2022-07-07T15:06Z,3,https://webtools.ccmc.gsfc.nasa.gov/DONKI/view/IPS/20732/-1,"[{'displayName': 'DSCOVR: PLASMAG'}, {'displayName': 'ACE: SWEPAM'}, {'displayName': 'ACE: MAG'}]"
M2M_CATALOG,2022-07-08T23:00:00-IPS-001,STEREO A,2022-07-08T23:00Z,2022-07-09T19:24Z,1,https://webtools.ccmc.gsfc.nasa.gov/DONKI/view/IPS/20779/-1,"[{'displayName': 'STEREO A: IMPACT'}, {'displayName': 'STEREO A: PLASTIC'}]"
M2M_CATALOG,2022-07-10T07:17:00-IPS-001,Earth,2022-07-10T07:17Z,2022-07-13T14:58Z,3,https://webtools.ccmc.gsfc.nasa.gov/DONKI/view/IPS/20783/-1,"[{'displayName': 'DSCOVR: PLASMAG'}, {'displayName': 'ACE: SWEPAM'}, {'displayName': 'ACE: MAG'}]"
M2M_CATALOG,2022-07-10T16:30:00-IPS-001,STEREO A,2022-07-10T16:30Z,2022-07-11T12:22Z,1,https://webtools.ccmc.gsfc.nasa.gov/DONKI/view/IPS/20793/-1,"[{'displayName': 'STEREO A: IMPACT'}, {'displayName': 'STEREO A: PLASTIC'}]"
M2M_CATALOG,2022-07-11T09:22:00-IPS-001,Earth,2022-07-11T09:22Z,2022-07-11T12:08Z,1,https://webtools.ccmc.gsfc.nasa.gov/DONKI/view/IPS/20792/-1,"[{'displayName': 'DSCOVR: PLASMAG'}, {'displayName': 'ACE: SWEPAM'}, {'displayName': 'ACE: MAG'}]"
M2M_CATALOG,2022-07-18T20:40:00-IPS-001,Earth,2022-07-18T20:40Z,2022-07-20T14:32Z,3,https://webtools.ccmc.gsfc.nasa.gov/DONKI/view/IPS/20890/-1,"[{'displayName': 'DSCOVR: PLASMAG'}, {'displayName': 'ACE: SWEPAM'}, {'displayName': 'ACE: MAG'}]"
M2M_CATALOG,2022-07-21T03:54:00-IPS-001,Earth,2022-07-21T03:54Z,2022-07-22T12:40Z,2,https://webtools.ccmc.gsfc.nasa.gov/DONKI/view/IPS/20927/-1,"[{'displayName': 'DSCOVR: PLASMAG'}, {'displayName': 'ACE: SWEPAM'}, {'displayName': 'ACE: MAG'}]"
M2M_CATALOG,2022-07-23T01:52:00-IPS-001,STEREO A,2022-07-23T01:52Z,2022-07-25T17:09Z,1,https://webtools.ccmc.gsfc.nasa.gov/DONKI/view/IPS/20985/-1,[{'displayName': 'STEREO A: IMPACT'}]
M2M_CATALOG,2022-07-23T02:28:00-IPS-001,Earth,2022-07-23T02:28Z,2022-07-27T17:54Z,2,https://webtools.ccmc.gsfc.nasa.gov/DONKI/view/IPS/20954/-1,"[{'displayName': 'DSCOVR: PLASMAG'}, {'displayName': 'ACE: SWEPAM'}, {'displayName': 'ACE: MAG'}]"
M2M_CATALOG,2022-07-28T07:17:00-IPS-001,STEREO A,2022-07-28T07:17Z,2022-07-29T12:11Z,1,https://webtools.ccmc.gsfc.nasa.gov/DONKI/view/IPS/21027/-1,"[{'displayName': 'STEREO A: IMPACT'}, {'displayName': 'STEREO A: PLASTIC'}]"
M2M_CATALOG,2022-07-31T08:20:00-IPS-001,Earth,2022-07-31T08:20Z,2022-07-31T19:15Z,4,https://webtools.ccmc.gsfc.nasa.gov/DONKI/view/IPS/21050/-1,"[{'displayName': 'DSCOVR: PLASMAG'}, {'displayName': 'ACE: SWEPAM'}, {'displayName': 'ACE: MAG'}]"
M2M_CATALOG,2022-08-04T10:39:00-IPS-001,STEREO A,2022-08-04T10:39Z,2022-08-05T13:18Z,1,https://webtools.ccmc.gsfc.nasa.gov/DONKI/view/IPS/21100/-1,"[{'displayName': 'STEREO A: IMPACT'}, {'displayName': 'STEREO A: PLASTIC'}]"
M2M_CATALOG,2022-08-07T00:45:00-IPS-001,Earth,2022-08-07T00:45Z,2022-08-07T12:36Z,2,https://webtools.ccmc.gsfc.nasa.gov/DONKI/view/IPS/21117/-1,"[{'displayName': 'DSCOVR: PLASMAG'}, {'displayName': 'ACE: SWEPAM'}, {'displayName': 'ACE: MAG'}]"
M2M_CATALOG,2022-08-15T13:00:00-IPS-001,STEREO A,2022-08-15T13:00Z,2022-08-17T14:58Z,2,https://webtools.ccmc.gsfc.nasa.gov/DONKI/view/IPS/21236/-1,[{'displayName': 'STEREO A: IMPACT'}]
M2M_CATALOG,2022-08-17T02:14:00-IPS-001,Earth,2022-08-17T02:14Z,2022-08-17T11:51Z,1,https://webtools.ccmc.gsfc.nasa.gov/DONKI/view/IPS/21234/-1,"[{'displayName': 'DSCOVR: PLASMAG'}, {'displayName': 'ACE: SWEPAM'}, {'displayName': 'ACE: MAG'}]"
M2M_CATALOG,2022-08-19T17:02:00-IPS-001,Earth,2022-08-19T17:02Z,2022-08-19T17:42Z,1,https://webtools.ccmc.gsfc.nasa.gov/DONKI/view/IPS/21288/-1,"[{'displayName': 'DSCOVR: PLASMAG'}, {'displayName': 'ACE: SWEPAM'}, {'displayName': 'ACE: MAG'}]"
M2M_CATALOG,2022-08-20T01:00:00-IPS-001,STEREO A,2022-08-20T01:00Z,2022-08-20T14:49Z,2,https://webtools.ccmc.gsfc.nasa.gov/DONKI/view/IPS/21298/-1,"[{'displayName': 'STEREO A: IMPACT'}, {'displayName': 'STEREO A: PLASTIC'}]"
M2M_CATALOG,2022-08-20T17:24:00-IPS-001,Earth,2022-08-20T17:24Z,2022-08-22T12:01Z,3,https://webtools.ccmc.gsfc.nasa.gov/DONKI/view/IPS/21304/-1,"[{'displayName': 'DSCOVR: PLASMAG'}, {'displayName': 'ACE: SWEPAM'}, {'displayName': 'ACE: MAG'}]"
M2M_CATALOG,2022-08-25T08:04:00-IPS-001,STEREO A,2022-08-25T08:04Z,2022-08-27T14:51Z,2,https://webtools.ccmc.gsfc.nasa.gov/DONKI/view/IPS/21388/-1,"[{'displayName': 'STEREO A: IMPACT'}, {'displayName': 'STEREO A: PLASTIC'}]"
M2M_CATALOG,2022-08-27T08:38:00-IPS-001,Earth,2022-08-27T08:38Z,2022-08-31T20:05Z,3,https://webtools.ccmc.gsfc.nasa.gov/DONKI/view/IPS/21368/-1,"[{'displayName': 'DSCOVR: PLASMAG'}, {'displayName': 'ACE: SWEPAM'}, {'displayName': 'ACE: MAG'}]"
M2M_CATALOG,2022-08-29T02:57:00-IPS-001,Earth,2022-08-29T02:57Z,2022-10-21T15:37Z,2,https://webtools.ccmc.gsfc.nasa.gov/DONKI/view/IPS/21423/-1,"[{'displayName': 'DSCOVR: PLASMAG'}, {'displayName': 'ACE: SWEPAM'}, {'displayName': 'ACE: MAG'}]"
M2M_CATALOG,2022-08-30T18:50:00-IPS-001,Earth,2022-08-30T18:50Z,2022-09-02T18:25Z,3,https://webtools.ccmc.gsfc.nasa.gov/DONKI/view/IPS/21470/-1,"[{'displayName': 'DSCOVR: PLASMAG'}, {'displayName': 'ACE: SWEPAM'}, {'displayName': 'ACE: MAG'}]"
M2M_CATALOG,2022-09-01T00:46:00-IPS-001,STEREO A,2022-09-01T00:46Z,2022-09-01T11:51Z,1,https://webtools.ccmc.gsfc.nasa.gov/DONKI/view/IPS/21504/-1,"[{'displayName': 'STEREO A: IMPACT'}, {'displayName': 'STEREO A: PLASTIC'}]"
M2M_CATALOG,2022-09-01T06:35:00-IPS-001,STEREO A,2022-09-01T06:35Z,2022-09-02T15:32Z,1,https://webtools.ccmc.gsfc.nasa.gov/DONKI/view/IPS/21507/-1,"[{'displayName': 'STEREO A: IMPACT'}, {'displayName': 'STEREO A: PLASTIC'}]"
M2M_CATALOG,2022-09-03T05:22:00-IPS-001,Earth,2022-09-03T05:22Z,2022-09-03T13:41Z,1,https://webtools.ccmc.gsfc.nasa.gov/DONKI/view/IPS/21521/-1,"[{'displayName': 'DSCOVR: PLASMAG'}, {'displayName': 'ACE: SWEPAM'}, {'displayName': 'ACE: MAG'}]"
M2M_CATALOG,2022-09-04T12:19:00-IPS-001,STEREO A,2022-09-04T12:19Z,2022-09-04T18:29Z,2,https://webtools.ccmc.gsfc.nasa.gov/DONKI/view/IPS/21541/-1,[{'displayName': 'STEREO A: IMPACT'}]
M2M_CATALOG,2022-09-13T16:58:00-IPS-001,STEREO A,2022-09-13T16:58Z,2022-09-14T16:17Z,1,https://webtools.ccmc.gsfc.nasa.gov/DONKI/view/IPS/21621/-1,"[{'displayName': 'STEREO A: IMPACT'}, {'displayName': 'STEREO A: PLASTIC'}]"
M2M_CATALOG,2022-09-14T06:23:00-IPS-001,Earth,2022-09-14T06:23Z,2022-09-14T16:59Z,2,https://webtools.ccmc.gsfc.nasa.gov/DONKI/view/IPS/21616/-1,"[{'displayName': 'DSCOVR: PLASMAG'}, {'displayName': 'ACE: SWEPAM'}, {'displayName': 'ACE: MAG'}]"
M2M_CATALOG,2022-09-21T18:28:00-IPS-001,STEREO A,2022-09-21T18:28Z,2022-09-22T18:21Z,1,https://webtools.ccmc.gsfc.nasa.gov/DONKI/view/IPS/21705/-1,"[{'displayName': 'STEREO A: IMPACT'}, {'displayName': 'STEREO A: PLASTIC'}]"
M2M_CATALOG,2022-09-22T20:57:00-IPS-001,Earth,2022-09-22T20:57Z,2022-09-23T11:45Z,2,https://webtools.ccmc.gsfc.nasa.gov/DONKI/view/IPS/21710/-1,"[{'displayName': 'DSCOVR: PLASMAG'}, {'displayName': 'ACE: SWEPAM'}, {'displayName': 'ACE: MAG'}]"
M2M_CATALOG,2022-09-26T21:07:00-IPS-001,Earth,2022-09-26T21:07Z,2022-09-27T10:50Z,1,https://webtools.ccmc.gsfc.nasa.gov/DONKI/view/IPS/21760/-1,"[{'displayName': 'DSCOVR: PLASMAG'}, {'displayName': 'ACE: SWEPAM'}, {'displayName': 'ACE: MAG'}]"
M2M_CATALOG,2022-09-29T13:37:00-IPS-001,STEREO A,2022-09-29T13:37Z,2022-09-29T18:45Z,2,https://webtools.ccmc.gsfc.nasa.gov/DONKI/view/IPS/21793/-1,"[{'displayName': 'STEREO A: IMPACT'}, {'displayName': 'STEREO A: PLASTIC'}]"
M2M_CATALOG,2022-09-30T03:30:00-IPS-001,STEREO A,2022-09-30T03:30Z,2022-09-30T18:41Z,2,https://webtools.ccmc.gsfc.nasa.gov/DONKI/view/IPS/21805/-1,"[{'displayName': 'STEREO A: IMPACT'}, {'displayName': 'STEREO A: PLASTIC'}]"
M2M_CATALOG,2022-09-30T04:30:00-IPS-001,Earth,2022-09-30T04:30Z,2022-09-30T11:43Z,1,https://webtools.ccmc.gsfc.nasa.gov/DONKI/view/IPS/21802/-1,"[{'displayName': 'DSCOVR: PLASMAG'}, {'displayName': 'ACE: SWEPAM'}, {'displayName': 'ACE: MAG'}]"
M2M_CATALOG,2022-10-01T15:05:00-IPS-001,Earth,2022-10-01T15:05Z,2022-10-01T18:22Z,1,https://webtools.ccmc.gsfc.nasa.gov/DONKI/view/IPS/21829/-1,"[{'displayName': 'DSCOVR: PLASMAG'}, {'displayName': 'ACE: SWEPAM'}, {'displayName': 'ACE: MAG'}]"
M2M_CATALOG,2022-10-03T09:39:00-IPS-001,Earth,2022-10-03T09:39Z,2022-10-03T11:10Z,1,https://webtools.ccmc.gsfc.nasa.gov/DONKI/view/IPS/21865/-1,"[{'displayName': 'DSCOVR: PLASMAG'}, {'displayName': 'ACE: MAG'}]"
M2M_CATALOG,2022-10-04T07:05:00-IPS-001,Earth,2022-10-04T07:05Z,2022-10-08T13:46Z,4,https://webtools.ccmc.gsfc.nasa.gov/DONKI/view/IPS/21940/-1,"[{'displayName': 'DSCOVR: PLASMAG'}, {'displayName': 'ACE: SWEPAM'}, {'displayName': 'ACE: MAG'}]"
M2M_CATALOG,2022-10-05T06:20:00-IPS-001,STEREO A,2022-10-05T06:20Z,2022-10-10T14:35Z,4,https://webtools.ccmc.gsfc.nasa.gov/DONKI/view/IPS/21906/-1,"[{'displayName': 'STEREO A: IMPACT'}, {'displayName': 'STEREO A: PLASTIC'}]"
M2M_CATALOG,2022-10-13T06:00:00-IPS-001,STEREO A,2022-10-13T06:00Z,2022-10-14T19:44Z,1,https://webtools.ccmc.gsfc.nasa.gov/DONKI/view/IPS/22018/-1,"[{'displayName': 'STEREO A: IMPACT'}, {'displayName': 'STEREO A: PLASTIC'}]"
M2M_CATALOG,2022-10-14T08:12:00-IPS-001,Earth,2022-10-14T08:12Z,2022-10-14T12:11Z,2,https://webtools.ccmc.gsfc.nasa.gov/DONKI/view/IPS/22010/-1,"[{'displayName': 'DSCOVR: PLASMAG'}, {'displayName': 'ACE: SWEPAM'}, {'displayName': 'ACE: MAG'}]"
M2M_CATALOG,2022-10-20T23:22:00-IPS-001,STEREO A,2022-10-20T23:22Z,2022-10-21T11:59Z,1,https://webtools.ccmc.gsfc.nasa.gov/DONKI/view/IPS/22073/-1,"[{'displayName': 'STEREO A: IMPACT'}, {'displayName': 'STEREO A: PLASTIC'}]"
M2M_CATALOG,2022-10-22T07:30:00-IPS-001,Earth,2022-10-22T07:30Z,2022-10-24T18:51Z,5,https://webtools.ccmc.gsfc.nasa.gov/DONKI/view/IPS/22076/-1,"[{'displayName': 'DSCOVR: PLASMAG'}, {'displayName': 'ACE: SWEPAM'}, {'displayName': 'ACE: MAG'}]"
M2M_CATALOG,2022-10-25T23:53:00-IPS-001,STEREO A,2022-10-25T23:53Z,2022-10-26T15:25Z,1,https://webtools.ccmc.gsfc.nasa.gov/DONKI/view/IPS/22111/-1,"[{'displayName': 'STEREO A: IMPACT'}, {'displayName': 'STEREO A: PLASTIC'}]"
M2M_CATALOG,2022-10-28T13:58:00-IPS-001,Earth,2022-10-28T13:58Z,2022-10-31T20:35Z,3,https://webtools.ccmc.gsfc.nasa.gov/DONKI/view/IPS/22144/-1,"[{'displayName': 'DSCOVR: PLASMAG'}, {'displayName': 'ACE: SWEPAM'}, {'displayName': 'ACE: MAG'}]"
M2M_CATALOG,2022-11-02T11:45:00-IPS-001,Earth,2022-11-02T11:45Z,2022-11-03T11:24Z,1,https://webtools.ccmc.gsfc.nasa.gov/DONKI/view/IPS/22183/-1,"[{'displayName': 'DSCOVR: PLASMAG'}, {'displayName': 'ACE: SWEPAM'}, {'displayName': 'ACE: MAG'}]"
M2M_CATALOG,2022-11-07T07:40:00-IPS-001,Earth,2022-11-07T07:40Z,2022-11-10T19:22Z,2,https://webtools.ccmc.gsfc.nasa.gov/DONKI/view/IPS/22221/-1,"[{'displayName': 'DSCOVR: PLASMAG'}, {'displayName': 'ACE: SWEPAM'}, {'displayName': 'ACE: MAG'}]"
M2M_CATALOG,2022-11-10T09:12:00-IPS-001,STEREO A,2022-11-10T09:12Z,2022-11-10T12:38Z,1,https://webtools.ccmc.gsfc.nasa.gov/DONKI/view/IPS/22238/-1,"[{'displayName': 'STEREO A: IMPACT'}, {'displayName': 'ACE: SWEPAM'}]"
M2M_CATALOG,2022-11-11T03:00:00-IPS-001,Earth,2022-11-11T03:00Z,2022-11-11T14:37Z,3,https://webtools.ccmc.gsfc.nasa.gov/DONKI/view/IPS/22249/-1,"[{'displayName': 'DSCOVR: PLASMAG'}, {'displayName': 'ACE: SWEPAM'}, {'displayName': 'ACE: MAG'}]"
M2M_CATALOG,2022-11-17T02:58:00-IPS-001,Earth,2022-11-17T02:58Z,2022-11-24T02:35Z,4,https://webtools.ccmc.gsfc.nasa.gov/DONKI/view/IPS/22331/-1,"[{'displayName': 'ACE: SWEPAM'}, {'displayName': 'ACE: MAG'}]"
M2M_CATALOG,2022-11-18T15:54:00-IPS-001,Earth,2022-11-18T15:54Z,2022-11-24T02:30Z,3,https://webtools.ccmc.gsfc.nasa.gov/DONKI/view/IPS/22346/-1,"[{'displayName': 'DSCOVR: PLASMAG'}, {'displayName': 'ACE: SWEPAM'}, {'displayName': 'ACE: MAG'}]"
M2M_CATALOG,2022-11-20T13:48:00-IPS-001,Earth,2022-11-20T13:48Z,2022-11-20T16:26Z,1,https://webtools.ccmc.gsfc.nasa.gov/DONKI/view/IPS/22398/-1,"[{'displayName': 'DSCOVR: PLASMAG'}, {'displayName': 'ACE: SWEPAM'}, {'displayName': 'ACE: MAG'}]"
M2M_CATALOG,2022-11-22T06:22:00-IPS-001,Earth,2022-11-22T06:22Z,2022-11-27T12:04Z,2,https://webtools.ccmc.gsfc.nasa.gov/DONKI/view/IPS/22429/-1,"[{'displayName': 'DSCOVR: PLASMAG'}, {'displayName': 'ACE: SWEPAM'}, {'displayName': 'ACE: MAG'}]"
M2M_CATALOG,2022-11-22T14:44:00-IPS-001,STEREO A,2022-11-22T14:44Z,2022-11-22T17:33Z,1,https://webtools.ccmc.gsfc.nasa.gov/DONKI/view/IPS/22435/-1,"[{'displayName': 'STEREO A: PLASTIC'}, {'displayName': 'STEREO A: IMPACT'}]"
M2M_CATALOG,2022-11-24T17:58:00-IPS-001,Earth,2022-11-24T17:58Z,2022-11-27T13:32Z,2,https://webtools.ccmc.gsfc.nasa.gov/DONKI/view/IPS/22480/-1,"[{'displayName': 'DSCOVR: PLASMAG'}, {'displayName': 'ACE: SWEPAM'}, {'displayName': 'ACE: MAG'}]"
M2M_CATALOG,2022-11-26T12:53:00-IPS-001,Earth,2022-11-26T12:53Z,2022-11-27T11:58Z,2,https://webtools.ccmc.gsfc.nasa.gov/DONKI/view/IPS/22507/-1,"[{'displayName': 'DSCOVR: PLASMAG'}, {'displayName': 'ACE: SWEPAM'}, {'displayName': 'ACE: MAG'}]"
M2M_CATALOG,2022-11-27T12:30:00-IPS-001,STEREO A,2022-11-27T12:30Z,2022-11-28T05:38Z,1,https://webtools.ccmc.gsfc.nasa.gov/DONKI/view/IPS/22540/-1,[{'displayName': 'STEREO A: IMPACT'}]
M2M_CATALOG,2022-11-27T17:03:00-IPS-001,Earth,2022-11-27T17:03Z,2022-11-30T20:11Z,3,https://webtools.ccmc.gsfc.nasa.gov/DONKI/view/IPS/22536/-1,"[{'displayName': 'DSCOVR: PLASMAG'}, {'displayName': 'ACE: SWEPAM'}, {'displayName': 'ACE: MAG'}]"
M2M_CATALOG,2022-11-30T22:36:00-IPS-001,Earth,2022-11-30T22:36Z,2022-12-01T04:45Z,1,https://webtools.ccmc.gsfc.nasa.gov/DONKI/view/IPS/22592/-1,"[{'displayName': 'DSCOVR: PLASMAG'}, {'displayName': 'ACE: SWEPAM'}, {'displayName': 'ACE: MAG'}]"
M2M_CATALOG,2022-12-04T12:09:00-IPS-001,Earth,2022-12-04T12:09Z,2022-12-05T16:58Z,2,https://webtools.ccmc.gsfc.nasa.gov/DONKI/view/IPS/22646/-1,"[{'displayName': 'DSCOVR: PLASMAG'}, {'displayName': 'ACE: MAG'}]"
M2M_CATALOG,2022-12-06T22:45:00-IPS-001,STEREO A,2022-12-06T22:45Z,2022-12-07T12:27Z,1,https://webtools.ccmc.gsfc.nasa.gov/DONKI/view/IPS/22662/-1,"[{'displayName': 'STEREO A: IMPACT'}, {'displayName': 'STEREO A: PLASTIC'}]"
M2M_CATALOG,2022-12-07T08:46:00-IPS-001,Earth,2022-12-07T08:46Z,2022-12-07T09:14Z,1,https://webtools.ccmc.gsfc.nasa.gov/DONKI/view/IPS/22659/-1,"[{'displayName': 'DSCOVR: PLASMAG'}, {'displayName': 'ACE: SWEPAM'}, {'displayName': 'ACE: MAG'}]"
M2M_CATALOG,2022-12-18T14:44:00-IPS-001,STEREO A,2022-12-18T14:44Z,2022-12-18T15:27Z,1,https://webtools.ccmc.gsfc.nasa.gov/DONKI/view/IPS/22879/-1,"[{'displayName': 'STEREO A: IMPACT'}, {'displayName': 'STEREO A: PLASTIC'}]"
M2M_CATALOG,2022-12-18T19:52:00-IPS-001,Earth,2022-12-18T19:52Z,2022-12-18T20:26Z,1,https://webtools.ccmc.gsfc.nasa.gov/DONKI/view/IPS/22891/-1,"[{'displayName': 'DSCOVR: PLASMAG'}, {'displayName': 'ACE: SWEPAM'}, {'displayName': 'ACE: MAG'}]"
M2M_CATALOG,2022-12-23T19:21:00-IPS-001,Earth,2022-12-23T19:21Z,2022-12-25T19:25Z,1,https://webtools.ccmc.gsfc.nasa.gov/DONKI/view/IPS/22997/-1,"[{'displayName': 'DSCOVR: PLASMAG'}, {'displayName': 'ACE: SWEPAM'}, {'displayName': 'ACE: MAG'}]"
M2M_CATALOG,2022-12-26T00:33:00-IPS-001,Earth,2022-12-26T00:33Z,2022-12-26T16:40Z,2,https://webtools.ccmc.gsfc.nasa.gov/DONKI/view/IPS/23009/-1,"[{'displayName': 'DSCOVR: PLASMAG'}, {'displayName': 'ACE: SWEPAM'}, {'displayName': 'ACE: MAG'}]"
M2M_CATALOG,2022-12-26T08:00:00-IPS-001,STEREO A,2022-12-26T08:00Z,2022-12-26T13:58Z,2,https://webtools.ccmc.gsfc.nasa.gov/DONKI/view/IPS/23006/-1,"[{'displayName': 'STEREO A: IMPACT'}, {'displayName': 'STEREO A: PLASTIC'}]"
M2M_CATALOG,2023-01-03T16:26:00-IPS-001,Earth,2023-01-03T16:26Z,2023-01-04T13:33Z,3,https://webtools.ccmc.gsfc.nasa.gov/DONKI/view/IPS/23126/-1,"[{'displayName': 'DSCOVR: PLASMAG'}, {'displayName': 'ACE: SWEPAM'}, {'displayName': 'ACE: MAG'}]"
M2M_CATALOG,2023-01-04T17:00:00-IPS-001,STEREO A,2023-01-04T17:00Z,2023-01-04T20:03Z,1,https://webtools.ccmc.gsfc.nasa.gov/DONKI/view/IPS/23136/-1,"[{'displayName': 'STEREO A: IMPACT'}, {'displayName': 'STEREO A: PLASTIC'}]"
M2M_CATALOG,2023-01-12T07:00:00-IPS-001,STEREO A,2023-01-12T07:00Z,2023-01-12T21:53Z,1,https://webtools.ccmc.gsfc.nasa.gov/DONKI/view/IPS/23283/-1,[{'displayName': 'STEREO A: IMPACT'}]
M2M_CATALOG,2023-01-13T16:23:00-IPS-001,Earth,2023-01-13T16:23Z,2023-01-13T21:35Z,1,https://webtools.ccmc.gsfc.nasa.gov/DONKI/view/IPS/23296/-1,"[{'displayName': 'DSCOVR: PLASMAG'}, {'displayName': 'ACE: SWEPAM'}, {'displayName': 'ACE: MAG'}]"
M2M_CATALOG,2023-01-14T21:50:00-IPS-001,Earth,2023-01-14T21:50Z,2023-01-15T13:35Z,2,https://webtools.ccmc.gsfc.nasa.gov/DONKI/view/IPS/23315/-1,"[{'displayName': 'DSCOVR: PLASMAG'}, {'displayName': 'ACE: SWEPAM'}, {'displayName': 'ACE: MAG'}]"
M2M_CATALOG,2023-01-17T14:32:00-IPS-001,STEREO A,2023-01-17T14:32Z,2023-01-17T16:58Z,1,https://webtools.ccmc.gsfc.nasa.gov/DONKI/view/IPS/23332/-1,"[{'displayName': 'STEREO A: IMPACT'}, {'displayName': 'STEREO A: PLASTIC'}]"
M2M_CATALOG,2023-01-17T21:10:00-IPS-001,Earth,2023-01-17T21:10Z,2023-01-18T19:01Z,2,https://webtools.ccmc.gsfc.nasa.gov/DONKI/view/IPS/23342/-1,"[{'displayName': 'DSCOVR: PLASMAG'}, {'displayName': 'ACE: SWEPAM'}, {'displayName': 'ACE: MAG'}]"
M2M_CATALOG,2023-01-23T02:59:00-IPS-001,Earth,2023-01-23T02:59Z,2023-01-23T12:48Z,2,https://webtools.ccmc.gsfc.nasa.gov/DONKI/view/IPS/23420/-1,"[{'displayName': 'DSCOVR: PLASMAG'}, {'displayName': 'ACE: SWEPAM'}, {'displayName': 'ACE: MAG'}]"
M2M_CATALOG,2023-01-25T08:30:00-IPS-001,STEREO A,2023-01-25T08:30Z,2023-01-25T18:07Z,1,https://webtools.ccmc.gsfc.nasa.gov/DONKI/view/IPS/23450/-1,"[{'displayName': 'STEREO A: IMPACT'}, {'displayName': 'STEREO A: PLASTIC'}]"
M2M_CATALOG,2023-01-31T20:00:00-IPS-001,STEREO A,2023-01-31T20:00Z,2023-02-01T20:11Z,1,https://webtools.ccmc.gsfc.nasa.gov/DONKI/view/IPS/23548/-1,"[{'displayName': 'STEREO A: PLASTIC'}, {'displayName': 'STEREO A: IMPACT'}]"
M2M_CATALOG,2023-02-01T15:40:00-IPS-001,Earth,2023-02-01T15:40Z,2023-02-08T14:14Z,2,https://webtools.ccmc.gsfc.nasa.gov/DONKI/view/IPS/23546/-1,"[{'displayName': 'DSCOVR: PLASMAG'}, {'displayName': 'ACE: SWEPAM'}, {'displayName': 'ACE: MAG'}]"
M2M_CATALOG,2023-02-05T15:30:00-IPS-001,STEREO A,2023-02-05T15:30Z,2023-02-05T19:39Z,1,https://webtools.ccmc.gsfc.nasa.gov/DONKI/view/IPS/23612/-1,"[{'displayName': 'STEREO A: IMPACT'}, {'displayName': 'STEREO A: PLASTIC'}]"
M2M_CATALOG,2023-02-05T20:39:00-IPS-001,Earth,2023-02-05T20:39Z,2023-02-06T13:23Z,1,https://webtools.ccmc.gsfc.nasa.gov/DONKI/view/IPS/23616/-1,"[{'displayName': 'DSCOVR: PLASMAG'}, {'displayName': 'ACE: SWEPAM'}, {'displayName': 'ACE: MAG'}]"
M2M_CATALOG,2023-02-12T09:50:00-IPS-001,STEREO A,2023-02-12T09:50Z,2023-02-13T21:21Z,1,https://webtools.ccmc.gsfc.nasa.gov/DONKI/view/IPS/23756/-1,"[{'displayName': 'STEREO A: IMPACT'}, {'displayName': 'STEREO A: PLASTIC'}]"
M2M_CATALOG,2023-02-13T15:28:00-IPS-001,STEREO A,2023-02-13T15:28Z,2023-02-13T21:09Z,2,https://webtools.ccmc.gsfc.nasa.gov/DONKI/view/IPS/23755/-1,"[{'displayName': 'STEREO A: IMPACT'}, {'displayName': 'STEREO A: PLASTIC'}]"
M2M_CATALOG,2023-02-13T17:02:00-IPS-001,Earth,2023-02-13T17:02Z,2023-02-20T19:19Z,5,https://webtools.ccmc.gsfc.nasa.gov/DONKI/view/IPS/23768/-1,"[{'displayName': 'DSCOVR: PLASMAG'}, {'displayName': 'ACE: SWEPAM'}, {'displayName': 'ACE: MAG'}]"
M2M_CATALOG,2023-02-20T08:58:00-IPS-001,STEREO A,2023-02-20T08:58Z,2023-02-20T12:04Z,3,https://webtools.ccmc.gsfc.nasa.gov/DONKI/view/IPS/23826/-1,"[{'displayName': 'STEREO A: IMPACT'}, {'displayName': 'STEREO A: PLASTIC'}]"
M2M_CATALOG,2023-02-20T09:52:00-IPS-001,Earth,2023-02-20T09:52Z,2023-02-20T12:16Z,3,https://webtools.ccmc.gsfc.nasa.gov/DONKI/view/IPS/23825/-1,"[{'displayName': 'DSCOVR: PLASMAG'}, {'displayName': 'ACE: SWEPAM'}, {'displayName': 'ACE: MAG'}]"
M2M_CATALOG,2023-02-24T12:08:00-IPS-001,Earth,2023-02-24T12:08Z,2023-03-02T19:53Z,2,https://webtools.ccmc.gsfc.nasa.gov/DONKI/view/IPS/24041/-1,[{'displayName': 'DSCOVR: PLASMAG'}]
M2M_CATALOG,2023-02-24T17:00:00-IPS-001,STEREO A,2023-02-24T17:00Z,2023-02-26T13:16Z,1,https://webtools.ccmc.gsfc.nasa.gov/DONKI/view/IPS/23962/-1,"[{'displayName': 'STEREO A: IMPACT'}, {'displayName': 'STEREO A: PLASTIC'}]"
M2M_CATALOG,2023-02-25T10:00:00-IPS-001,STEREO A,2023-02-25T10:00Z,2023-02-26T13:21Z,1,https://webtools.ccmc.gsfc.nasa.gov/DONKI/view/IPS/23963/-1,"[{'displayName': 'STEREO A: IMPACT'}, {'displayName': 'STEREO A: PLASTIC'}]"
M2M_CATALOG,2023-02-26T14:30:00-IPS-001,STEREO A,2023-02-26T14:30Z,2023-02-26T20:53Z,1,https://webtools.ccmc.gsfc.nasa.gov/DONKI/view/IPS/23980/-1,[{'displayName': 'STEREO A: IMPACT'}]
M2M_CATALOG,2023-02-26T18:43:00-IPS-001,Earth,2023-02-26T18:43Z,2023-02-26T19:00Z,2,https://webtools.ccmc.gsfc.nasa.gov/DONKI/view/IPS/23976/-1,"[{'displayName': 'DSCOVR: PLASMAG'}, {'displayName': 'ACE: SWEPAM'}, {'displayName': 'ACE: MAG'}]"
M2M_CATALOG,2023-02-27T00:00:00-IPS-001,STEREO A,2023-02-27T00:00Z,2023-02-27T12:05Z,1,https://webtools.ccmc.gsfc.nasa.gov/DONKI/view/IPS/23990/-1,[{'displayName': 'STEREO A: IMPACT'}]
M2M_CATALOG,2023-02-27T10:15:00-IPS-001,Earth,2023-02-27T10:15Z,2023-02-27T12:13Z,2,https://webtools.ccmc.gsfc.nasa.gov/DONKI/view/IPS/23988/-1,"[{'displayName': 'DSCOVR: PLASMAG'}, {'displayName': 'ACE: SWEPAM'}, {'displayName': 'ACE: MAG'}]"
M2M_CATALOG,2023-03-02T17:43:00-IPS-001,Earth,2023-03-02T17:43Z,2023-08-04T23:29Z,3,https://webtools.ccmc.gsfc.nasa.gov/DONKI/view/IPS/24071/-1,"[{'displayName': 'DSCOVR: PLASMAG'}, {'displayName': 'ACE: SWEPAM'}, {'displayName': 'ACE: MAG'}]"
M2M_CATALOG,2023-03-12T09:15:00-IPS-001,Earth,2023-03-12T09:15Z,2023-03-21T17:19Z,5,https://webtools.ccmc.gsfc.nasa.gov/DONKI/view/IPS/24232/-1,[{'displayName': 'DSCOVR: PLASMAG'}]
M2M_CATALOG,2023-03-14T03:58:00-IPS-001,Earth,2023-03-14T03:58Z,2023-04-25T16:35Z,3,https://webtools.ccmc.gsfc.nasa.gov/DONKI/view/IPS/24270/-1,"[{'displayName': 'DSCOVR: PLASMAG'}, {'displayName': 'ACE: SWEPAM'}, {'displayName': 'ACE: MAG'}]"
M2M_CATALOG,2023-03-15T03:48:00-IPS-001,Earth,2023-03-15T03:48Z,2023-04-25T16:50Z,3,https://webtools.ccmc.gsfc.nasa.gov/DONKI/view/IPS/24244/-1,"[{'displayName': 'DSCOVR: PLASMAG'}, {'displayName': 'ACE: SWEPAM'}, {'displayName': 'ACE: MAG'}]"
M2M_CATALOG,2023-03-15T08:25:00-IPS-001,STEREO A,2023-03-15T08:25Z,2023-04-25T16:55Z,2,https://webtools.ccmc.gsfc.nasa.gov/DONKI/view/IPS/24256/-1,"[{'displayName': 'STEREO A: IMPACT'}, {'displayName': 'STEREO A: PLASTIC'}]"
M2M_CATALOG,2023-03-20T22:37:00-IPS-001,Earth,2023-03-20T22:37Z,2023-03-21T16:18Z,1,https://webtools.ccmc.gsfc.nasa.gov/DONKI/view/IPS/24332/-1,"[{'displayName': 'DSCOVR: PLASMAG'}, {'displayName': 'ACE: SWEPAM'}, {'displayName': 'ACE: MAG'}]"
M2M_CATALOG,2023-03-22T05:30:00-IPS-001,STEREO A,2023-03-22T05:30Z,2023-03-23T13:15Z,1,https://webtools.ccmc.gsfc.nasa.gov/DONKI/view/IPS/24361/-1,"[{'displayName': 'STEREO A: IMPACT'}, {'displayName': 'STEREO A: PLASTIC'}]"
M2M_CATALOG,2023-03-23T04:00:00-IPS-001,STEREO A,2023-03-23T04:00Z,2023-04-25T18:03Z,2,https://webtools.ccmc.gsfc.nasa.gov/DONKI/view/IPS/24362/-1,"[{'displayName': 'STEREO A: IMPACT'}, {'displayName': 'STEREO A: PLASTIC'}]"
M2M_CATALOG,2023-03-23T09:10:00-IPS-001,Earth,2023-03-23T09:10Z,2023-08-04T22:16Z,3,https://webtools.ccmc.gsfc.nasa.gov/DONKI/view/IPS/24359/-1,"[{'displayName': 'DSCOVR: PLASMAG'}, {'displayName': 'ACE: SWEPAM'}, {'displayName': 'ACE: MAG'}]"
M2M_CATALOG,2023-04-09T21:57:00-IPS-001,Earth,2023-04-09T21:57Z,2023-04-10T11:56Z,1,https://webtools.ccmc.gsfc.nasa.gov/DONKI/view/IPS/24584/-1,"[{'displayName': 'DSCOVR: PLASMAG'}, {'displayName': 'ACE: SWEPAM'}, {'displayName': 'ACE: MAG'}]"
M2M_CATALOG,2023-04-18T13:19:00-IPS-001,Earth,2023-04-18T13:19Z,2023-04-18T17:56Z,2,https://webtools.ccmc.gsfc.nasa.gov/DONKI/view/IPS/24685/-1,"[{'displayName': 'DSCOVR: PLASMAG'}, {'displayName': 'ACE: SWEPAM'}, {'displayName': 'ACE: MAG'}]"
M2M_CATALOG,2023-04-23T05:40:00-IPS-001,STEREO A,2023-04-23T05:40Z,2023-04-25T10:46Z,4,https://webtools.ccmc.gsfc.nasa.gov/DONKI/view/IPS/24744/-1,"[{'displayName': 'STEREO A: IMPACT'}, {'displayName': 'STEREO A: PLASTIC'}]"
M2M_CATALOG,2023-04-23T10:40:00-IPS-001,Earth,2023-04-23T10:40Z,2023-04-25T10:46Z,3,https://webtools.ccmc.gsfc.nasa.gov/DONKI/view/IPS/24740/-1,"[{'displayName': 'DSCOVR: PLASMAG'}, {'displayName': 'ACE: SWEPAM'}, {'displayName': 'ACE: MAG'}]"
M2M_CATALOG,2023-04-23T14:00:00-IPS-001,STEREO A,2023-04-23T14:00Z,2023-04-25T10:48Z,2,https://webtools.ccmc.gsfc.nasa.gov/DONKI/view/IPS/24759/-1,"[{'displayName': 'STEREO A: IMPACT'}, {'displayName': 'STEREO A: PLASTIC'}]"
M2M_CATALOG,2023-04-23T17:00:00-IPS-001,Earth,2023-04-23T17:00Z,2023-04-25T10:47Z,2,https://webtools.ccmc.gsfc.nasa.gov/DONKI/view/IPS/24758/-1,"[{'displayName': 'DSCOVR: PLASMAG'}, {'displayName': 'ACE: SWEPAM'}, {'displayName': 'ACE: MAG'}]"
M2M_CATALOG,2023-05-05T12:00:00-IPS-001,STEREO A,2023-05-05T12:00Z,2023-05-26T11:20Z,2,https://webtools.ccmc.gsfc.nasa.gov/DONKI/view/IPS/24991/-1,"[{'displayName': 'STEREO A: IMPACT'}, {'displayName': 'STEREO A: PLASTIC'}]"
M2M_CATALOG,2023-05-06T00:25:00-IPS-001,Earth,2023-05-06T00:25Z,2023-05-26T11:07Z,2,https://webtools.ccmc.gsfc.nasa.gov/DONKI/view/IPS/24964/-1,"[{'displayName': 'DSCOVR: PLASMAG'}, {'displayName': 'ACE: SWEPAM'}, {'displayName': 'ACE: MAG'}]"
M2M_CATALOG,2023-05-07T00:00:00-IPS-001,STEREO A,2023-05-07T00:00Z,2023-05-07T19:58Z,1,https://webtools.ccmc.gsfc.nasa.gov/DONKI/view/IPS/24992/-1,"[{'displayName': 'STEREO A: IMPACT'}, {'displayName': 'STEREO A: PLASTIC'}]"
M2M_CATALOG,2023-05-07T13:20:00-IPS-001,Earth,2023-05-07T13:20Z,2023-07-10T19:43Z,3,https://webtools.ccmc.gsfc.nasa.gov/DONKI/view/IPS/24984/-1,"[{'displayName': 'DSCOVR: PLASMAG'}, {'displayName': 'ACE: SWEPAM'}, {'displayName': 'ACE: MAG'}]"
M2M_CATALOG,2023-05-09T19:00:00-IPS-001,STEREO A,2023-05-09T19:00Z,2023-05-09T21:33Z,1,https://webtools.ccmc.gsfc.nasa.gov/DONKI/view/IPS/25053/-1,"[{'displayName': 'STEREO A: IMPACT'}, {'displayName': 'STEREO A: PLASTIC'}]"
M2M_CATALOG,2023-05-09T22:06:00-IPS-001,Earth,2023-05-09T22:06Z,2023-06-23T19:40Z,4,https://webtools.ccmc.gsfc.nasa.gov/DONKI/view/IPS/25058/-1,"[{'displayName': 'DSCOVR: PLASMAG'}, {'displayName': 'ACE: SWEPAM'}, {'displayName': 'ACE: MAG'}]"
M2M_CATALOG,2023-05-12T01:00:00-IPS-001,STEREO A,2023-05-12T01:00Z,2023-05-13T17:03Z,1,https://webtools.ccmc.gsfc.nasa.gov/DONKI/view/IPS/25135/-1,"[{'displayName': 'DSCOVR: PLASMAG'}, {'displayName': 'ACE: SWEPAM'}, {'displayName': 'ACE: MAG'}]"
M2M_CATALOG,2023-05-12T05:48:00-IPS-001,Earth,2023-05-12T05:48Z,2023-06-22T00:54Z,3,https://webtools.ccmc.gsfc.nasa.gov/DONKI/view/IPS/25107/-1,[{'displayName': 'DSCOVR: PLASMAG'}]
M2M_CATALOG,2023-05-13T16:50:00-IPS-001,Earth,2023-05-13T16:50Z,2023-05-20T13:22Z,2,https://webtools.ccmc.gsfc.nasa.gov/DONKI/view/IPS/25140/-1,"[{'displayName': 'DSCOVR: PLASMAG'}, {'displayName': 'ACE: SWEPAM'}, {'displayName': 'ACE: MAG'}]"
M2M_CATALOG,2023-05-19T16:22:00-IPS-001,STEREO A,2023-05-19T16:22Z,2023-05-23T16:01Z,3,https://webtools.ccmc.gsfc.nasa.gov/DONKI/view/IPS/25235/-1,"[{'displayName': 'STEREO A: IMPACT'}, {'displayName': 'STEREO A: PLASTIC'}]"
M2M_CATALOG,2023-05-19T20:36:00-IPS-001,Earth,2023-05-19T20:36Z,2023-05-20T12:43Z,1,https://webtools.ccmc.gsfc.nasa.gov/DONKI/view/IPS/25251/-1,"[{'displayName': 'DSCOVR: PLASMAG'}, {'displayName': 'ACE: SWEPAM'}, {'displayName': 'ACE: MAG'}]"
M2M_CATALOG,2023-05-21T14:20:00-IPS-001,Earth,2023-05-21T14:20Z,2023-05-21T20:20Z,4,https://webtools.ccmc.gsfc.nasa.gov/DONKI/view/IPS/25290/-1,"[{'displayName': 'DSCOVR: PLASMAG'}, {'displayName': 'ACE: SWEPAM'}, {'displayName': 'ACE: MAG'}]"
M2M_CATALOG,2023-06-03T21:05:00-IPS-001,Earth,2023-06-03T21:05Z,2023-06-23T19:48Z,2,https://webtools.ccmc.gsfc.nasa.gov/DONKI/view/IPS/25458/-1,[{'displayName': 'DSCOVR: PLASMAG'}]
M2M_CATALOG,2023-06-07T22:25:00-IPS-001,Earth,2023-06-07T22:25Z,2023-06-23T16:41Z,2,https://webtools.ccmc.gsfc.nasa.gov/DONKI/view/IPS/25498/-1,"[{'displayName': 'ACE: MAG'}, {'displayName': 'ACE: SWEPAM'}]"
M2M_CATALOG,2023-06-10T13:20:00-IPS-001,STEREO A,2023-06-10T13:20Z,2023-06-11T13:07Z,1,https://webtools.ccmc.gsfc.nasa.gov/DONKI/view/IPS/25524/-1,"[{'displayName': 'STEREO A: IMPACT'}, {'displayName': 'STEREO A: PLASTIC'}]"
M2M_CATALOG,2023-06-10T23:09:00-IPS-001,Earth,2023-06-10T23:09Z,2023-06-23T19:56Z,2,https://webtools.ccmc.gsfc.nasa.gov/DONKI/view/IPS/25522/-1,"[{'displayName': 'ACE: MAG'}, {'displayName': 'ACE: SWEPAM'}, {'displayName': 'DSCOVR: PLASMAG'}]"
M2M_CATALOG,2023-06-13T08:00:00-IPS-001,STEREO A,2023-06-13T08:00Z,2023-06-14T19:37Z,2,https://webtools.ccmc.gsfc.nasa.gov/DONKI/view/IPS/25543/-1,"[{'displayName': 'STEREO A: IMPACT'}, {'displayName': 'STEREO A: PLASTIC'}]"
M2M_CATALOG,2023-06-14T21:00:00-IPS-001,STEREO A,2023-06-14T21:00Z,2023-06-15T19:11Z,5,https://webtools.ccmc.gsfc.nasa.gov/DONKI/view/IPS/25573/-1,"[{'displayName': 'STEREO A: PLASTIC'}, {'displayName': 'STEREO A: IMPACT'}]"
M2M_CATALOG,2023-06-15T05:46:00-IPS-001,Earth,2023-06-15T05:46Z,2023-06-15T19:37Z,3,https://webtools.ccmc.gsfc.nasa.gov/DONKI/view/IPS/25568/-1,"[{'displayName': 'ACE: MAG'}, {'displayName': 'ACE: SWEPAM'}]"
M2M_CATALOG,2023-06-23T11:00:00-IPS-001,STEREO A,2023-06-23T11:00Z,2023-06-24T19:48Z,4,https://webtools.ccmc.gsfc.nasa.gov/DONKI/view/IPS/25702/-1,"[{'displayName': 'STEREO A: IMPACT'}, {'displayName': 'STEREO A: PLASTIC'}]"
M2M_CATALOG,2023-06-23T17:33:00-IPS-001,Earth,2023-06-23T17:33Z,2023-06-24T19:47Z,5,https://webtools.ccmc.gsfc.nasa.gov/DONKI/view/IPS/25701/-1,"[{'displayName': 'ACE: MAG'}, {'displayName': 'ACE: SWEPAM'}, {'displayName': 'DSCOVR: PLASMAG'}]"
M2M_CATALOG,2023-06-24T18:10:00-IPS-001,Earth,2023-06-24T18:10Z,2023-08-04T21:22Z,4,https://webtools.ccmc.gsfc.nasa.gov/DONKI/view/IPS/25703/-1,"[{'displayName': 'DSCOVR: PLASMAG'}, {'displayName': 'ACE: SWEPAM'}, {'displayName': 'ACE: MAG'}]"
M2M_CATALOG,2023-06-24T18:58:00-IPS-001,STEREO A,2023-06-24T18:58Z,2023-06-24T21:33Z,3,https://webtools.ccmc.gsfc.nasa.gov/DONKI/view/IPS/25704/-1,"[{'displayName': 'STEREO A: IMPACT'}, {'displayName': 'STEREO A: PLASTIC'}]"
M2M_CATALOG,2023-06-29T08:20:00-IPS-001,Earth,2023-06-29T08:20Z,2023-07-01T13:22Z,1,https://webtools.ccmc.gsfc.nasa.gov/DONKI/view/IPS/25777/-1,"[{'displayName': 'DSCOVR: PLASMAG'}, {'displayName': 'ACE: SWEPAM'}, {'displayName': 'ACE: MAG'}]"
M2M_CATALOG,2023-06-29T15:00:00-IPS-001,STEREO A,2023-06-29T15:00Z,2023-07-01T13:46Z,1,https://webtools.ccmc.gsfc.nasa.gov/DONKI/view/IPS/25778/-1,"[{'displayName': 'STEREO A: IMPACT'}, {'displayName': 'STEREO A: PLASTIC'}]"
M2M_CATALOG,2023-06-30T11:20:00-IPS-001,Earth,2023-06-30T11:20Z,2023-07-02T19:20Z,2,https://webtools.ccmc.gsfc.nasa.gov/DONKI/view/IPS/25776/-1,"[{'displayName': 'DSCOVR: PLASMAG'}, {'displayName': 'ACE: SWEPAM'}, {'displayName': 'ACE: MAG'}]"
M2M_CATALOG,2023-07-04T18:00:00-IPS-001,STEREO A,2023-07-04T18:00Z,2023-07-06T20:09Z,1,https://webtools.ccmc.gsfc.nasa.gov/DONKI/view/IPS/25831/-1,"[{'displayName': 'STEREO A: IMPACT'}, {'displayName': 'STEREO A: PLASTIC'}]"
M2M_CATALOG,2023-07-05T17:55:00-IPS-001,Earth,2023-07-05T17:55Z,2023-10-03T15:31Z,7,https://webtools.ccmc.gsfc.nasa.gov/DONKI/view/IPS/25832/-1,"[{'displayName': 'DSCOVR: PLASMAG'}, {'displayName': 'ACE: SWEPAM'}, {'displayName': 'ACE: MAG'}]"
M2M_CATALOG,2023-07-11T13:00:00-IPS-001,STEREO A,2023-07-11T13:00Z,2023-07-11T15:31Z,1,https://webtools.ccmc.gsfc.nasa.gov/DONKI/view/IPS/25892/-1,[{'displayName': 'STEREO A: IMPACT'}]
M2M_CATALOG,2023-07-13T08:30:00-IPS-001,STEREO A,2023-07-13T08:30Z,2023-07-13T19:55Z,1,https://webtools.ccmc.gsfc.nasa.gov/DONKI/view/IPS/25952/-1,[{'displayName': 'STEREO A: IMPACT'}]
M2M_CATALOG,2023-07-13T15:49:00-IPS-001,Earth,2023-07-13T15:49Z,2023-07-13T16:50Z,2,https://webtools.ccmc.gsfc.nasa.gov/DONKI/view/IPS/25936/-1,"[{'displayName': 'DSCOVR: PLASMAG'}, {'displayName': 'ACE: SWEPAM'}, {'displayName': 'ACE: MAG'}]"
M2M_CATALOG,2023-07-14T10:30:00-IPS-001,STEREO A,2023-07-14T10:30Z,2023-07-14T15:30Z,1,https://webtools.ccmc.gsfc.nasa.gov/DONKI/view/IPS/25959/-1,"[{'displayName': 'STEREO A: IMPACT'}, {'displayName': 'STEREO A: PLASTIC'}]"
M2M_CATALOG,2023-07-14T15:25:00-IPS-001,Earth,2023-07-14T15:25Z,2023-07-14T16:06Z,1,https://webtools.ccmc.gsfc.nasa.gov/DONKI/view/IPS/25960/-1,"[{'displayName': 'DSCOVR: PLASMAG'}, {'displayName': 'ACE: SWEPAM'}, {'displayName': 'ACE: MAG'}]"
M2M_CATALOG,2023-07-16T12:40:00-IPS-001,STEREO A,2023-07-16T12:40Z,2023-07-18T17:41Z,1,https://webtools.ccmc.gsfc.nasa.gov/DONKI/view/IPS/26080/-1,"[{'displayName': 'STEREO A: IMPACT'}, {'displayName': 'STEREO A: PLASTIC'}]"
M2M_CATALOG,2023-07-16T18:35:00-IPS-001,Earth,2023-07-16T18:35Z,2023-07-16T21:45Z,1,https://webtools.ccmc.gsfc.nasa.gov/DONKI/view/IPS/26018/-1,"[{'displayName': 'ACE: MAG'}, {'displayName': 'ACE: SWEPAM'}]"
M2M_CATALOG,2023-07-20T15:28:00-IPS-001,STEREO A,2023-07-20T15:28Z,2023-07-20T16:04Z,1,https://webtools.ccmc.gsfc.nasa.gov/DONKI/view/IPS/26120/-1,"[{'displayName': 'STEREO A: IMPACT'}, {'displayName': 'STEREO A: PLASTIC'}]"
M2M_CATALOG,2023-07-20T16:07:00-IPS-001,Earth,2023-07-20T16:07Z,2023-07-20T16:21Z,1,https://webtools.ccmc.gsfc.nasa.gov/DONKI/view/IPS/26121/-1,"[{'displayName': 'DSCOVR: PLASMAG'}, {'displayName': 'ACE: SWEPAM'}, {'displayName': 'ACE: MAG'}]"
M2M_CATALOG,2023-07-21T14:30:00-IPS-001,STEREO A,2023-07-21T14:30Z,2023-07-21T15:23Z,1,https://webtools.ccmc.gsfc.nasa.gov/DONKI/view/IPS/26126/-1,"[{'displayName': 'STEREO A: IMPACT'}, {'displayName': 'STEREO A: PLASTIC'}]"
M2M_CATALOG,2023-07-21T19:25:00-IPS-001,Earth,2023-07-21T19:25Z,2023-08-01T17:29Z,2,https://webtools.ccmc.gsfc.nasa.gov/DONKI/view/IPS/26130/-1,"[{'displayName': 'DSCOVR: PLASMAG'}, {'displayName': 'ACE: SWEPAM'}, {'displayName': 'ACE: MAG'}]"
M2M_CATALOG,2023-07-25T19:00:00-IPS-001,STEREO A,2023-07-25T19:00Z,2023-08-02T19:38Z,2,https://webtools.ccmc.gsfc.nasa.gov/DONKI/view/IPS/26190/-1,"[{'displayName': 'STEREO A: IMPACT'}, {'displayName': 'STEREO A: PLASTIC'}]"
M2M_CATALOG,2023-07-25T21:54:00-IPS-001,Earth,2023-07-25T21:54Z,2023-07-26T12:28Z,1,https://webtools.ccmc.gsfc.nasa.gov/DONKI/view/IPS/26195/-1,"[{'displayName': 'DSCOVR: PLASMAG'}, {'displayName': 'ACE: SWEPAM'}, {'displayName': 'ACE: MAG'}]"
M2M_CATALOG,2023-08-01T06:00:00-IPS-001,STEREO A,2023-08-01T06:00Z,2023-08-01T12:54Z,1,https://webtools.ccmc.gsfc.nasa.gov/DONKI/view/IPS/26277/-1,"[{'displayName': 'STEREO A: IMPACT'}, {'displayName': 'STEREO A: PLASTIC'}]"
M2M_CATALOG,2023-08-01T10:08:00-IPS-001,Earth,2023-08-01T10:08Z,2023-08-01T12:36Z,2,https://webtools.ccmc.gsfc.nasa.gov/DONKI/view/IPS/26273/-1,"[{'displayName': 'DSCOVR: PLASMAG'}, {'displayName': 'ACE: SWEPAM'}, {'displayName': 'ACE: MAG'}]"
M2M_CATALOG,2023-08-04T05:30:00-IPS-001,STEREO A,2023-08-04T05:30Z,2023-08-04T12:19Z,3,https://webtools.ccmc.gsfc.nasa.gov/DONKI/view/IPS/26323/-1,"[{'displayName': 'STEREO A: IMPACT'}, {'displayName': 'STEREO A: PLASTIC'}]"
M2M_CATALOG,2023-08-04T06:52:00-IPS-001,Earth,2023-08-04T06:52Z,2023-08-04T12:08Z,2,https://webtools.ccmc.gsfc.nasa.gov/DONKI/view/IPS/26320/-1,"[{'displayName': 'DSCOVR: PLASMAG'}, {'displayName': 'ACE: SWEPAM'}, {'displayName': 'ACE: MAG'}]"
M2M_CATALOG,2023-08-05T02:10:00-IPS-001,Earth,2023-08-05T02:10Z,2023-08-05T12:21Z,1,https://webtools.ccmc.gsfc.nasa.gov/DONKI/view/IPS/26342/-1,"[{'displayName': 'DSCOVR: PLASMAG'}, {'displayName': 'ACE: SWEPAM'}, {'displayName': 'ACE: MAG'}]"
M2M_CATALOG,2023-08-05T04:57:00-IPS-001,STEREO A,2023-08-05T04:57Z,2023-08-08T16:42Z,1,https://webtools.ccmc.gsfc.nasa.gov/DONKI/view/IPS/26425/-1,"[{'displayName': 'STEREO A: IMPACT'}, {'displayName': 'STEREO A: PLASTIC'}]"
M2M_CATALOG,2023-08-07T01:15:00-IPS-001,Earth,2023-08-07T01:15Z,2023-10-02T19:17Z,2,https://webtools.ccmc.gsfc.nasa.gov/DONKI/view/IPS/27161/-1,"[{'displayName': 'DSCOVR: PLASMAG'}, {'displayName': 'ACE: SWEPAM'}, {'displayName': 'ACE: MAG'}]"
M2M_CATALOG,2023-08-07T08:46:00-IPS-001,STEREO A,2023-08-07T08:46Z,2023-10-02T19:33Z,2,https://webtools.ccmc.gsfc.nasa.gov/DONKI/view/IPS/26383/-1,"[{'displayName': 'STEREO A: IMPACT'}, {'displayName': 'STEREO A: PLASTIC'}]"
M2M_CATALOG,2023-08-07T11:07:00-IPS-001,Earth,2023-08-07T11:07Z,2023-10-02T19:26Z,4,https://webtools.ccmc.gsfc.nasa.gov/DONKI/view/IPS/26381/-1,"[{'displayName': 'DSCOVR: PLASMAG'}, {'displayName': 'ACE: SWEPAM'}, {'displayName': 'ACE: MAG'}]"
M2M_CATALOG,2023-08-10T16:00:00-IPS-001,Earth,2023-08-10T16:00Z,2023-08-11T16:13Z,1,https://webtools.ccmc.gsfc.nasa.gov/DONKI/view/IPS/26480/-1,"[{'displayName': 'DSCOVR: PLASMAG'}, {'displayName': 'ACE: SWEPAM'}, {'displayName': 'ACE: MAG'}]"
M2M_CATALOG,2023-08-16T04:59:00-IPS-001,STEREO A,2023-08-16T04:59Z,2023-08-18T17:54Z,2,https://webtools.ccmc.gsfc.nasa.gov/DONKI/view/IPS/26543/-1,"[{'displayName': 'STEREO A: IMPACT'}, {'displayName': 'STEREO A: PLASTIC'}]"
M2M_CATALOG,2023-08-16T12:00:00-IPS-001,Earth,2023-08-16T12:00Z,2023-08-18T17:54Z,2,https://webtools.ccmc.gsfc.nasa.gov/DONKI/view/IPS/26525/-1,"[{'displayName': 'DSCOVR: PLASMAG'}, {'displayName': 'ACE: SWEPAM'}, {'displayName': 'ACE: MAG'}]"
M2M_CATALOG,2023-08-31T16:37:00-IPS-001,Earth,2023-08-31T16:37Z,2023-09-06T15:11Z,3,https://webtools.ccmc.gsfc.nasa.gov/DONKI/view/IPS/26687/-1,"[{'displayName': 'DSCOVR: PLASMAG'}, {'displayName': 'ACE: SWEPAM'}, {'displayName': 'ACE: MAG'}]"
M2M_CATALOG,2023-09-01T18:00:00-IPS-001,Earth,2023-09-01T18:00Z,2023-09-05T18:50Z,5,https://webtools.ccmc.gsfc.nasa.gov/DONKI/view/IPS/26728/-1,"[{'displayName': 'DSCOVR: PLASMAG'}, {'displayName': 'ACE: SWEPAM'}]"
M2M_CATALOG,2023-09-03T10:25:00-IPS-001,STEREO A,2023-09-03T10:25Z,2023-09-05T18:38Z,2,https://webtools.ccmc.gsfc.nasa.gov/DONKI/view/IPS/26776/-1,"[{'displayName': 'STEREO A: IMPACT'}, {'displayName': 'STEREO A: PLASTIC'}]"
M2M_CATALOG,2023-09-05T10:50:00-IPS-001,STEREO A,2023-09-05T10:50Z,2023-09-06T16:14Z,2,https://webtools.ccmc.gsfc.nasa.gov/DONKI/view/IPS/26799/-1,"[{'displayName': 'STEREO A: IMPACT'}, {'displayName': 'STEREO A: PLASTIC'}]"
M2M_CATALOG,2023-09-05T14:38:00-IPS-001,Earth,2023-09-05T14:38Z,2023-09-06T16:13Z,3,https://webtools.ccmc.gsfc.nasa.gov/DONKI/view/IPS/26797/-1,"[{'displayName': 'DSCOVR: PLASMAG'}, {'displayName': 'ACE: SWEPAM'}, {'displayName': 'ACE: MAG'}]"
M2M_CATALOG,2023-09-12T07:03:00-IPS-001,STEREO A,2023-09-12T07:03Z,2023-09-12T17:27Z,2,https://webtools.ccmc.gsfc.nasa.gov/DONKI/view/IPS/26888/-1,"[{'displayName': 'STEREO A: IMPACT'}, {'displayName': 'STEREO A: PLASTIC'}]"
M2M_CATALOG,2023-09-12T10:18:00-IPS-001,Earth,2023-09-12T10:18Z,2023-09-13T19:18Z,2,https://webtools.ccmc.gsfc.nasa.gov/DONKI/view/IPS/26880/-1,"[{'displayName': 'DSCOVR: PLASMAG'}, {'displayName': 'ACE: SWEPAM'}, {'displayName': 'ACE: MAG'}]"
M2M_CATALOG,2023-09-16T22:30:00-IPS-001,STEREO A,2023-09-16T22:30Z,2023-09-17T14:26Z,1,https://webtools.ccmc.gsfc.nasa.gov/DONKI/view/IPS/26961/-1,"[{'displayName': 'STEREO A: IMPACT'}, {'displayName': 'STEREO A: PLASTIC'}]"
M2M_CATALOG,2023-09-17T01:53:00-IPS-001,Earth,2023-09-17T01:53Z,2023-09-18T11:22Z,1,https://webtools.ccmc.gsfc.nasa.gov/DONKI/view/IPS/26966/-1,"[{'displayName': 'DSCOVR: PLASMAG'}, {'displayName': 'ACE: SWEPAM'}, {'displayName': 'ACE: MAG'}]"
M2M_CATALOG,2023-09-18T09:04:00-IPS-001,STEREO A,2023-09-18T09:04Z,2023-10-02T18:04Z,3,https://webtools.ccmc.gsfc.nasa.gov/DONKI/view/IPS/26967/-1,[{'displayName': 'STEREO A: IMPACT'}]
M2M_CATALOG,2023-09-18T12:58:00-IPS-001,Earth,2023-09-18T12:58Z,2023-10-02T19:06Z,6,https://webtools.ccmc.gsfc.nasa.gov/DONKI/view/IPS/26969/-1,"[{'displayName': 'DSCOVR: PLASMAG'}, {'displayName': 'ACE: SWEPAM'}, {'displayName': 'ACE: MAG'}]"
M2M_CATALOG,2023-09-24T18:49:00-IPS-001,STEREO A,2023-09-24T18:49Z,2023-09-25T17:22Z,1,https://webtools.ccmc.gsfc.nasa.gov/DONKI/view/IPS/27112/-1,"[{'displayName': 'STEREO A: IMPACT'}, {'displayName': 'STEREO A: PLASTIC'}]"
M2M_CATALOG,2023-09-24T19:52:00-IPS-001,Earth,2023-09-24T19:52Z,2023-09-26T19:08Z,2,https://webtools.ccmc.gsfc.nasa.gov/DONKI/view/IPS/27103/-1,"[{'displayName': 'DSCOVR: PLASMAG'}, {'displayName': 'ACE: SWEPAM'}, {'displayName': 'ACE: MAG'}]"
M2M_CATALOG,2023-10-05T21:25:00-IPS-001,Earth,2023-10-05T21:25Z,2023-10-07T19:14Z,2,https://webtools.ccmc.gsfc.nasa.gov/DONKI/view/IPS/27214/-1,"[{'displayName': 'DSCOVR: PLASMAG'}, {'displayName': 'ACE: SWEPAM'}, {'displayName': 'ACE: MAG'}]"
M2M_CATALOG,2023-10-13T01:42:00-IPS-001,STEREO A,2023-10-13T01:42Z,2023-10-13T13:39Z,1,https://webtools.ccmc.gsfc.nasa.gov/DONKI/view/IPS/27281/-1,"[{'displayName': 'STEREO A: IMPACT'}, {'displayName': 'STEREO A: PLASTIC'}]"
M2M_CATALOG,2023-10-13T06:50:00-IPS-001,Earth,2023-10-13T06:50Z,2023-10-14T12:40Z,3,https://webtools.ccmc.gsfc.nasa.gov/DONKI/view/IPS/27278/-1,"[{'displayName': 'DSCOVR: PLASMAG'}, {'displayName': 'ACE: SWEPAM'}, {'displayName': 'ACE: MAG'}]"
M2M_CATALOG,2023-10-18T02:31:00-IPS-001,Earth,2023-10-18T02:31Z,2023-10-26T14:30Z,3,https://webtools.ccmc.gsfc.nasa.gov/DONKI/view/IPS/27389/-1,"[{'displayName': 'DSCOVR: PLASMAG'}, {'displayName': 'ACE: SWEPAM'}, {'displayName': 'ACE: MAG'}]"
M2M_CATALOG,2023-10-18T13:30:00-IPS-001,STEREO A,2023-10-18T13:30Z,2023-10-27T16:58Z,2,https://webtools.ccmc.gsfc.nasa.gov/DONKI/view/IPS/27390/-1,"[{'displayName': 'STEREO A: IMPACT'}, {'displayName': 'STEREO A: PLASTIC'}]"
M2M_CATALOG,2023-10-20T07:30:00-IPS-001,Earth,2023-10-20T07:30Z,2023-10-24T18:23Z,2,https://webtools.ccmc.gsfc.nasa.gov/DONKI/view/IPS/27439/-1,"[{'displayName': 'DSCOVR: PLASMAG'}, {'displayName': 'ACE: SWEPAM'}, {'displayName': 'ACE: MAG'}]"
M2M_CATALOG,2023-10-20T07:50:00-IPS-001,STEREO A,2023-10-20T07:50Z,2023-10-24T16:27Z,1,https://webtools.ccmc.gsfc.nasa.gov/DONKI/view/IPS/27440/-1,"[{'displayName': 'STEREO A: IMPACT'}, {'displayName': 'STEREO A: PLASTIC'}]"
M2M_CATALOG,2023-10-26T03:43:00-IPS-001,Earth,2023-10-26T03:43Z,2023-10-26T16:51Z,2,https://webtools.ccmc.gsfc.nasa.gov/DONKI/view/IPS/27470/-1,"[{'displayName': 'ACE: SWEPAM'}, {'displayName': 'ACE: MAG'}, {'displayName': 'DSCOVR: PLASMAG'}]"
M2M_CATALOG,2023-10-26T11:10:00-IPS-001,STEREO A,2023-10-26T11:10Z,2023-10-26T16:57Z,1,https://webtools.ccmc.gsfc.nasa.gov/DONKI/view/IPS/27471/-1,"[{'displayName': 'STEREO A: IMPACT'}, {'displayName': 'STEREO A: PLASTIC'}]"
M2M_CATALOG,2023-10-28T03:36:00-IPS-001,Earth,2023-10-28T03:36Z,2023-11-06T17:08Z,1,https://webtools.ccmc.gsfc.nasa.gov/DONKI/view/IPS/27628/-1,"[{'displayName': 'DSCOVR: PLASMAG'}, {'displayName': 'ACE: SWEPAM'}, {'displayName': 'ACE: MAG'}]"
M2M_CATALOG,2023-11-04T00:00:00-IPS-001,STEREO A,2023-11-04T00:00Z,2023-11-17T18:37Z,2,https://webtools.ccmc.gsfc.nasa.gov/DONKI/view/IPS/27595/-1,"[{'displayName': 'STEREO A: IMPACT'}, {'displayName': 'STEREO A: PLASTIC'}]"
M2M_CATALOG,2023-11-04T15:45:00-IPS-001,Earth,2023-11-04T15:45Z,2023-11-17T18:48Z,3,https://webtools.ccmc.gsfc.nasa.gov/DONKI/view/IPS/27586/-1,"[{'displayName': 'DSCOVR: PLASMAG'}, {'displayName': 'ACE: SWEPAM'}, {'displayName': 'ACE: MAG'}]"
M2M_CATALOG,2023-11-05T03:38:00-IPS-001,STEREO A,2023-11-05T03:38Z,2023-11-17T21:11Z,3,https://webtools.ccmc.gsfc.nasa.gov/DONKI/view/IPS/27608/-1,"[{'displayName': 'STEREO A: IMPACT'}, {'displayName': 'STEREO A: PLASTIC'}]"
M2M_CATALOG,2023-11-05T08:10:00-IPS-001,Earth,2023-11-05T08:10Z,2023-11-17T19:33Z,5,https://webtools.ccmc.gsfc.nasa.gov/DONKI/view/IPS/27602/-1,"[{'displayName': 'DSCOVR: PLASMAG'}, {'displayName': 'ACE: SWEPAM'}, {'displayName': 'ACE: MAG'}]"
M2M_CATALOG,2023-11-05T11:45:00-IPS-001,Earth,2023-11-05T11:45Z,2023-11-17T19:37Z,7,https://webtools.ccmc.gsfc.nasa.gov/DONKI/view/IPS/27611/-1,"[{'displayName': 'DSCOVR: PLASMAG'}, {'displayName': 'ACE: SWEPAM'}, {'displayName': 'ACE: MAG'}]"
M2M_CATALOG,2023-11-05T12:35:00-IPS-001,STEREO A,2023-11-05T12:35Z,2023-11-17T21:12Z,3,https://webtools.ccmc.gsfc.nasa.gov/DONKI/view/IPS/27610/-1,"[{'displayName': 'STEREO A: IMPACT'}, {'displayName': 'STEREO A: PLASTIC'}]"
M2M_CATALOG,2023-11-12T03:48:00-IPS-001,STEREO A,2023-11-12T03:48Z,2023-11-12T13:57Z,2,https://webtools.ccmc.gsfc.nasa.gov/DONKI/view/IPS/27677/-1,"[{'displayName': 'STEREO A: IMPACT'}, {'displayName': 'STEREO A: PLASTIC'}]"
M2M_CATALOG,2023-11-12T05:30:00-IPS-001,Earth,2023-11-12T05:30Z,2023-11-12T19:34Z,4,https://webtools.ccmc.gsfc.nasa.gov/DONKI/view/IPS/27676/-1,"[{'displayName': 'DSCOVR: PLASMAG'}, {'displayName': 'ACE: SWEPAM'}, {'displayName': 'ACE: MAG'}]"
M2M_CATALOG,2023-11-19T16:55:00-IPS-001,STEREO A,2023-11-19T16:55Z,2023-11-28T15:37Z,2,https://webtools.ccmc.gsfc.nasa.gov/DONKI/view/IPS/27775/-1,"[{'displayName': 'STEREO A: IMPACT'}, {'displayName': 'STEREO A: PLASTIC'}]"
M2M_CATALOG,2023-11-20T09:49:00-IPS-001,Earth,2023-11-20T09:49Z,2023-11-20T18:34Z,2,https://webtools.ccmc.gsfc.nasa.gov/DONKI/view/IPS/27778/-1,"[{'displayName': 'DSCOVR: PLASMAG'}, {'displayName': 'ACE: SWEPAM'}, {'displayName': 'ACE: MAG'}]"
M2M_CATALOG,2023-11-21T20:00:00-IPS-001,Earth,2023-11-21T20:00Z,2023-11-22T18:15Z,2,https://webtools.ccmc.gsfc.nasa.gov/DONKI/view/IPS/27810/-1,"[{'displayName': 'DSCOVR: PLASMAG'}, {'displayName': 'ACE: SWEPAM'}, {'displayName': 'ACE: MAG'}]"
M2M_CATALOG,2023-11-22T03:43:00-IPS-001,STEREO A,2023-11-22T03:43Z,2023-11-22T17:24Z,1,https://webtools.ccmc.gsfc.nasa.gov/DONKI/view/IPS/27818/-1,"[{'displayName': 'STEREO A: IMPACT'}, {'displayName': 'STEREO A: PLASTIC'}]"
M2M_CATALOG,2023-11-22T12:00:00-IPS-001,Mars,2023-11-22T12:00Z,2023-12-08T18:53Z,2,https://webtools.ccmc.gsfc.nasa.gov/DONKI/view/IPS/28083/-1,"[{'displayName': 'MAVEN: SWIA'}, {'displayName': 'MAVEN: MAG'}, {'displayName': 'MAVEN: SWEA'}, {'displayName': 'MAVEN: STATIC'}]"
M2M_CATALOG,2023-11-24T18:50:00-IPS-001,Earth,2023-11-24T18:50Z,2023-11-29T15:08Z,2,https://webtools.ccmc.gsfc.nasa.gov/DONKI/view/IPS/27869/-1,"[{'displayName': 'DSCOVR: PLASMAG'}, {'displayName': 'ACE: SWEPAM'}, {'displayName': 'ACE: MAG'}]"
M2M_CATALOG,2023-11-25T04:30:00-IPS-001,STEREO A,2023-11-25T04:30Z,2023-11-29T16:34Z,3,https://webtools.ccmc.gsfc.nasa.gov/DONKI/view/IPS/27881/-1,"[{'displayName': 'STEREO A: IMPACT'}, {'displayName': 'STEREO A: PLASTIC'}]"
M2M_CATALOG,2023-11-25T07:59:00-IPS-001,Earth,2023-11-25T07:59Z,2023-11-29T14:55Z,1,https://webtools.ccmc.gsfc.nasa.gov/DONKI/view/IPS/27932/-1,"[{'displayName': 'DSCOVR: PLASMAG'}, {'displayName': 'ACE: SWEPAM'}, {'displayName': 'ACE: MAG'}]"
M2M_CATALOG,2023-11-30T23:29:00-IPS-001,Earth,2023-11-30T23:29Z,2023-12-06T03:48Z,3,https://webtools.ccmc.gsfc.nasa.gov/DONKI/view/IPS/27942/-1,"[{'displayName': 'DSCOVR: PLASMAG'}, {'displayName': 'ACE: SWEPAM'}, {'displayName': 'ACE: MAG'}]"
M2M_CATALOG,2023-12-01T00:11:00-IPS-001,STEREO A,2023-12-01T00:11Z,2023-12-06T02:01Z,4,https://webtools.ccmc.gsfc.nasa.gov/DONKI/view/IPS/27964/-1,"[{'displayName': 'STEREO A: IMPACT'}, {'displayName': 'STEREO A: PLASTIC'}]"
M2M_CATALOG,2023-12-01T08:15:00-IPS-001,STEREO A,2023-12-01T08:15Z,2023-12-06T02:52Z,3,https://webtools.ccmc.gsfc.nasa.gov/DONKI/view/IPS/27965/-1,"[{'displayName': 'STEREO A: IMPACT'}, {'displayName': 'STEREO A: PLASTIC'}]"
M2M_CATALOG,2023-12-01T08:48:00-IPS-001,Earth,2023-12-01T08:48Z,2023-12-06T03:58Z,5,https://webtools.ccmc.gsfc.nasa.gov/DONKI/view/IPS/27947/-1,"[{'displayName': 'DSCOVR: PLASMAG'}, {'displayName': 'ACE: SWEPAM'}, {'displayName': 'ACE: MAG'}]"
M2M_CATALOG,2023-12-04T04:30:00-IPS-001,Earth,2023-12-04T04:30Z,2023-12-05T17:02Z,2,https://webtools.ccmc.gsfc.nasa.gov/DONKI/view/IPS/28010/-1,"[{'displayName': 'DSCOVR: PLASMAG'}, {'displayName': 'ACE: SWEPAM'}, {'displayName': 'ACE: MAG'}]"
M2M_CATALOG,2023-12-04T08:09:00-IPS-001,STEREO A,2023-12-04T08:09Z,2023-12-05T18:23Z,3,https://webtools.ccmc.gsfc.nasa.gov/DONKI/view/IPS/28011/-1,"[{'displayName': 'STEREO A: IMPACT'}, {'displayName': 'STEREO A: PLASTIC'}]"
M2M_CATALOG,2023-12-09T19:27:00-IPS-001,Mars,2023-12-09T19:27Z,2024-01-10T17:22Z,1,https://webtools.ccmc.gsfc.nasa.gov/DONKI/view/IPS/28547/-1,"[{'displayName': 'MAVEN: SEP'}, {'displayName': 'MAVEN: SWIA'}]"
M2M_CATALOG,2023-12-12T11:26:00-IPS-001,Earth,2023-12-12T11:26Z,2023-12-13T02:20Z,5,https://webtools.ccmc.gsfc.nasa.gov/DONKI/view/IPS/28111/-1,"[{'displayName': 'DSCOVR: PLASMAG'}, {'displayName': 'ACE: SWEPAM'}, {'displayName': 'ACE: MAG'}]"
M2M_CATALOG,2023-12-13T00:00:00-IPS-001,STEREO A,2023-12-13T00:00Z,2023-12-13T22:17Z,2,https://webtools.ccmc.gsfc.nasa.gov/DONKI/view/IPS/28135/-1,"[{'displayName': 'STEREO A: IMPACT'}, {'displayName': 'STEREO A: PLASTIC'}]"
M2M_CATALOG,2023-12-13T21:54:00-IPS-001,Earth,2023-12-13T21:54Z,2023-12-20T18:14Z,2,https://webtools.ccmc.gsfc.nasa.gov/DONKI/view/IPS/28142/-1,[{'displayName': 'DSCOVR: PLASMAG'}]
M2M_CATALOG,2023-12-15T10:57:00-IPS-001,Earth,2023-12-15T10:57Z,2023-12-15T17:21Z,2,https://webtools.ccmc.gsfc.nasa.gov/DONKI/view/IPS/28178/-1,"[{'displayName': 'DSCOVR: PLASMAG'}, {'displayName': 'ACE: SWEPAM'}, {'displayName': 'ACE: MAG'}]"
M2M_CATALOG,2023-12-15T12:41:00-IPS-001,STEREO A,2023-12-15T12:41Z,2023-12-15T17:15Z,3,https://webtools.ccmc.gsfc.nasa.gov/DONKI/view/IPS/28187/-1,"[{'displayName': 'STEREO A: IMPACT'}, {'displayName': 'STEREO A: PLASTIC'}]"
M2M_CATALOG,2023-12-17T00:30:00-IPS-001,STEREO A,2023-12-17T00:30Z,2023-12-17T13:44Z,1,https://webtools.ccmc.gsfc.nasa.gov/DONKI/view/IPS/28217/-1,"[{'displayName': 'STEREO A: IMPACT'}, {'displayName': 'STEREO A: PLASTIC'}]"
M2M_CATALOG,2023-12-17T07:32:00-IPS-001,Earth,2023-12-17T07:32Z,2023-12-18T19:56Z,4,https://webtools.ccmc.gsfc.nasa.gov/DONKI/view/IPS/28213/-1,"[{'displayName': 'DSCOVR: PLASMAG'}, {'displayName': 'ACE: SWEPAM'}, {'displayName': 'ACE: MAG'}]"
M2M_CATALOG,2023-12-20T00:26:00-IPS-001,Earth,2023-12-20T00:26Z,2023-12-20T19:04Z,1,https://webtools.ccmc.gsfc.nasa.gov/DONKI/view/IPS/28267/-1,"[{'displayName': 'DSCOVR: PLASMAG'}, {'displayName': 'ACE: SWEPAM'}, {'displayName': 'ACE: MAG'}]"
M2M_CATALOG,2023-12-27T08:26:00-IPS-001,Earth,2023-12-27T08:26Z,2023-12-28T16:25Z,4,https://webtools.ccmc.gsfc.nasa.gov/DONKI/view/IPS/28373/-1,"[{'displayName': 'DSCOVR: PLASMAG'}, {'displayName': 'ACE: SWEPAM'}, {'displayName': 'ACE: MAG'}]"
M2M_CATALOG,2023-12-29T11:34:00-IPS-001,Earth,2023-12-29T11:34Z,2023-12-30T20:06Z,2,https://webtools.ccmc.gsfc.nasa.gov/DONKI/view/IPS/28386/-1,"[{'displayName': 'DSCOVR: PLASMAG'}, {'displayName': 'ACE: SWEPAM'}, {'displayName': 'ACE: MAG'}]"
M2M_CATALOG,2024-01-01T12:22:00-IPS-001,Earth,2024-01-01T12:22Z,2024-01-03T21:26Z,3,https://webtools.ccmc.gsfc.nasa.gov/DONKI/view/IPS/28458/-1,[{'displayName': 'DSCOVR: PLASMAG'}]
